{
    "datetime": "2020-10-18T15:51:28.858079+00:00",
    "cough_detected": "0.9632",
    "latitude": "48.9",
    "longitude": "2.5",
    "age": "39",
    "gender": "female",
    "respiratory_condition": "False",
    "fever_muscle_pain": "False",
    "status": "COVID-19",
    "expert_labels_4": {
        "quality": "no_cough",
        "dyspnea": "False",
        "wheezing": "False",
        "stridor": "False",
        "choking": "False",
        "congestion": "False",
        "nothing": "False"
    }
}