{
    "datetime": "2020-06-05T06:28:18.494291+00:00",
    "cough_detected": "0.8139",
    "latitude": "-18.0",
    "longitude": "-67.1",
    "age": "39",
    "gender": "male",
    "respiratory_condition": "False",
    "fever_muscle_pain": "False",
    "status": "COVID-19",
    "expert_labels_4": {
        "quality": "good",
        "cough_type": "dry",
        "dyspnea": "True",
        "wheezing": "True",
        "stridor": "False",
        "choking": "False",
        "congestion": "False",
        "nothing": "False",
        "diagnosis": "obstructive_disease",
        "severity": "severe"
    }
}