{
    "datetime": "2020-05-11T13:19:48.650427+00:00",
    "cough_detected": "0.8846",
    "latitude": "-53.1",
    "longitude": "-70.9",
    "age": "30",
    "gender": "female",
    "respiratory_condition": "False",
    "fever_muscle_pain": "True",
    "status": "COVID-19",
    "expert_labels_4": {
        "quality": "good",
        "cough_type": "dry",
        "dyspnea": "False",
        "wheezing": "False",
        "stridor": "False",
        "choking": "False",
        "congestion": "False",
        "nothing": "True",
        "diagnosis": "healthy_cough",
        "severity": "pseudocough"
    }
}