{
    "datetime": "2020-04-14T11:25:04.225713+00:00",
    "cough_detected": "0.9931",
    "age": "13",
    "gender": "male",
    "respiratory_condition": "False",
    "fever_muscle_pain": "False",
    "status": "healthy",
    "expert_labels_4": {
        "quality": "good",
        "cough_type": "wet",
        "dyspnea": "False",
        "wheezing": "False",
        "stridor": "False",
        "choking": "False",
        "congestion": "False",
        "nothing": "True",
        "diagnosis": "COVID-19",
        "severity": "mild"
    }
}