{
    "datetime": "2020-04-13T23:06:21.007323+00:00",
    "cough_detected": "0.9989",
    "latitude": "55.4",
    "longitude": "-3.4",
    "age": "28",
    "gender": "male",
    "respiratory_condition": "False",
    "fever_muscle_pain": "False",
    "status": "healthy",
    "expert_labels_2": {
        "quality": "good",
        "cough_type": "dry",
        "dyspnea": "True",
        "wheezing": "False",
        "stridor": "False",
        "choking": "False",
        "congestion": "False",
        "nothing": "False",
        "diagnosis": "COVID-19",
        "severity": "mild"
    }
}