{
    "datetime": "2020-04-09T20:34:23.374663+00:00",
    "cough_detected": "0.9576",
    "latitude": "46.1",
    "longitude": "7.1",
    "age": "35",
    "gender": "male",
    "respiratory_condition": "True",
    "fever_muscle_pain": "False",
    "status": "COVID-19",
    "expert_labels_2": {
        "quality": "poor",
        "cough_type": "unknown",
        "dyspnea": "False",
        "wheezing": "False",
        "stridor": "False",
        "choking": "False",
        "congestion": "False",
        "nothing": "False",
        "diagnosis": "healthy_cough",
        "severity": "unknown"
    }
}