{
    "datetime": "2020-04-13T18:21:00.202362+00:00",
    "cough_detected": "0.9484",
    "latitude": "41.0",
    "longitude": "28.6",
    "age": "22",
    "gender": "female",
    "respiratory_condition": "True",
    "fever_muscle_pain": "False",
    "status": "healthy",
    "expert_labels_1": {
        "quality": "ok",
        "cough_type": "dry",
        "dyspnea": "False",
        "wheezing": "False",
        "stridor": "False",
        "choking": "False",
        "congestion": "False",
        "nothing": "True",
        "diagnosis": "COVID-19",
        "severity": "mild"
    }
}