{
    "datetime": "2020-04-10T05:54:35.040536+00:00",
    "cough_detected": "0.9515",
    "latitude": "-12.0",
    "longitude": "-77.0",
    "age": "30",
    "gender": "male",
    "respiratory_condition": "False",
    "fever_muscle_pain": "False",
    "status": "healthy",
    "expert_labels_2": {
        "quality": "good",
        "cough_type": "dry",
        "dyspnea": "False",
        "wheezing": "False",
        "stridor": "False",
        "choking": "False",
        "congestion": "False",
        "nothing": "True",
        "diagnosis": "COVID-19",
        "severity": "unknown"
    }
}