{
    "datetime": "2020-04-14T06:45:12.837739+00:00",
    "cough_detected": "0.9890",
    "latitude": "41.5",
    "longitude": "36.1",
    "age": "40",
    "gender": "female",
    "respiratory_condition": "False",
    "fever_muscle_pain": "False",
    "status": "healthy",
    "expert_labels_1": {
        "quality": "ok",
        "cough_type": "dry",
        "dyspnea": "False",
        "wheezing": "False",
        "stridor": "False",
        "choking": "False",
        "congestion": "False",
        "nothing": "True",
        "diagnosis": "COVID-19",
        "severity": "mild"
    }
}