{
    "datetime": "2020-04-13T15:24:15.312465+00:00",
    "cough_detected": "0.9229",
    "latitude": "41.3",
    "longitude": "69.2",
    "gender": "female",
    "respiratory_condition": "False",
    "fever_muscle_pain": "False",
    "status": "COVID-19",
    "expert_labels_3": {
        "quality": "good",
        "cough_type": "dry",
        "dyspnea": "False",
        "wheezing": "False",
        "stridor": "False",
        "choking": "False",
        "congestion": "False",
        "nothing": "True",
        "diagnosis": "obstructive_disease",
        "severity": "severe"
    }
}