{
    "datetime": "2020-04-26T12:41:39.911777+00:00",
    "cough_detected": "0.9852",
    "latitude": "37.6",
    "longitude": "-1.6",
    "age": "45",
    "gender": "male",
    "respiratory_condition": "True",
    "fever_muscle_pain": "False",
    "status": "symptomatic",
    "expert_labels_1": {
        "quality": "ok",
        "cough_type": "dry",
        "dyspnea": "False",
        "wheezing": "False",
        "stridor": "False",
        "choking": "False",
        "congestion": "False",
        "nothing": "True",
        "diagnosis": "COVID-19",
        "severity": "mild"
    }
}