{
    "datetime": "2020-04-20T20:29:31.667568+00:00",
    "cough_detected": "0.6365",
    "latitude": "37.4",
    "longitude": "-5.9",
    "age": "29",
    "gender": "female",
    "respiratory_condition": "True",
    "fever_muscle_pain": "False",
    "status": "symptomatic",
    "expert_labels_1": {
        "quality": "ok",
        "cough_type": "dry",
        "dyspnea": "False",
        "wheezing": "False",
        "stridor": "False",
        "choking": "False",
        "congestion": "False",
        "nothing": "True",
        "diagnosis": "COVID-19",
        "severity": "severe"
    }
}