{
    "datetime": "2020-04-13T13:02:55.689596+00:00",
    "cough_detected": "0.3423",
    "latitude": "28.0",
    "longitude": "-15.4",
    "age": "33",
    "gender": "other",
    "respiratory_condition": "True",
    "fever_muscle_pain": "True",
    "status": "COVID-19",
    "expert_labels_3": {
        "quality": "good",
        "cough_type": "wet",
        "dyspnea": "False",
        "wheezing": "False",
        "stridor": "False",
        "choking": "False",
        "congestion": "False",
        "nothing": "True",
        "diagnosis": "healthy_cough",
        "severity": "pseudocough"
    }
}