{
    "datetime": "2020-04-19T00:50:50.282587+00:00",
    "cough_detected": "0.9968",
    "latitude": "40.8",
    "longitude": "-74.1",
    "age": "42",
    "gender": "female",
    "respiratory_condition": "True",
    "fever_muscle_pain": "False",
    "status": "symptomatic",
    "expert_labels_1": {
        "quality": "good",
        "cough_type": "dry",
        "dyspnea": "False",
        "wheezing": "False",
        "stridor": "False",
        "choking": "False",
        "congestion": "False",
        "nothing": "True",
        "diagnosis": "COVID-19",
        "severity": "severe"
    }
}