{
    "datetime": "2020-04-12T04:39:46.419720+00:00",
    "cough_detected": "0.9486",
    "latitude": "27.2",
    "longitude": "60.7",
    "age": "36",
    "gender": "male",
    "respiratory_condition": "True",
    "fever_muscle_pain": "True",
    "status": "COVID-19",
    "expert_labels_3": {
        "quality": "good",
        "cough_type": "dry",
        "dyspnea": "False",
        "wheezing": "False",
        "stridor": "False",
        "choking": "False",
        "congestion": "False",
        "nothing": "True",
        "diagnosis": "obstructive_disease",
        "severity": "severe"
    }
}