{
    "datetime": "2020-04-11T00:14:19.289494+00:00",
    "cough_detected": "0.9881",
    "latitude": "36.8",
    "longitude": "5.0",
    "age": "59",
    "gender": "male",
    "respiratory_condition": "False",
    "fever_muscle_pain": "False",
    "status": "COVID-19",
    "expert_labels_1": {
        "quality": "poor",
        "cough_type": "unknown",
        "dyspnea": "False",
        "wheezing": "False",
        "stridor": "False",
        "choking": "False",
        "congestion": "False",
        "nothing": "True",
        "diagnosis": "lower_infection",
        "severity": "unknown"
    }
}