{
    "datetime": "2020-04-14T21:09:24.412339+00:00",
    "cough_detected": "0.9863",
    "latitude": "39.1",
    "longitude": "66.9",
    "age": "23",
    "gender": "female",
    "respiratory_condition": "False",
    "fever_muscle_pain": "False",
    "status": "COVID-19",
    "expert_labels_4": {
        "quality": "poor",
        "cough_type": "wet",
        "dyspnea": "False",
        "wheezing": "False",
        "stridor": "False",
        "choking": "False",
        "congestion": "False",
        "nothing": "True",
        "diagnosis": "lower_infection",
        "severity": "severe"
    }
}