{
    "datetime": "2020-05-26T02:50:43.811567+00:00",
    "cough_detected": "0.9969",
    "latitude": "-34.6",
    "longitude": "-58.4",
    "age": "25",
    "gender": "male",
    "respiratory_condition": "True",
    "fever_muscle_pain": "False",
    "status": "COVID-19",
    "expert_labels_4": {
        "quality": "good",
        "cough_type": "dry",
        "dyspnea": "False",
        "wheezing": "False",
        "stridor": "False",
        "choking": "False",
        "congestion": "True",
        "nothing": "False",
        "diagnosis": "upper_infection",
        "severity": "mild"
    }
}