{
    "datetime": "2020-04-10T04:02:31.828306+00:00",
    "cough_detected": "0.9797",
    "latitude": "33.8",
    "longitude": "-118.2",
    "age": "51",
    "gender": "female",
    "respiratory_condition": "False",
    "fever_muscle_pain": "True",
    "status": "COVID-19",
    "expert_labels_3": {
        "quality": "good",
        "cough_type": "dry",
        "dyspnea": "False",
        "wheezing": "False",
        "stridor": "False",
        "choking": "False",
        "congestion": "False",
        "nothing": "True",
        "diagnosis": "lower_infection",
        "severity": "mild"
    }
}