{
    "datetime": "2020-10-19T13:56:54.197690+00:00",
    "cough_detected": "0.9923",
    "latitude": "46.8",
    "longitude": "6.8",
    "age": "51",
    "gender": "male",
    "respiratory_condition": "False",
    "fever_muscle_pain": "True",
    "status": "COVID-19",
    "expert_labels_4": {
        "quality": "good",
        "cough_type": "dry",
        "dyspnea": "False",
        "wheezing": "False",
        "stridor": "False",
        "choking": "False",
        "congestion": "False",
        "nothing": "True",
        "diagnosis": "lower_infection",
        "severity": "mild"
    }
}