{
    "datetime": "2020-04-12T05:40:20.421730+00:00",
    "cough_detected": "0.9447",
    "latitude": "19.8",
    "longitude": "-70.7",
    "age": "34",
    "gender": "male",
    "respiratory_condition": "True",
    "fever_muscle_pain": "False",
    "status": "COVID-19",
    "expert_labels_4": {
        "quality": "ok",
        "cough_type": "wet",
        "dyspnea": "False",
        "wheezing": "False",
        "stridor": "False",
        "choking": "False",
        "congestion": "False",
        "nothing": "True",
        "diagnosis": "lower_infection",
        "severity": "mild"
    }
}