{
    "datetime": "2020-04-11T13:35:16.618686+00:00",
    "cough_detected": "0.9727",
    "latitude": "37.8",
    "longitude": "29.0",
    "age": "37",
    "gender": "male",
    "respiratory_condition": "True",
    "fever_muscle_pain": "True",
    "status": "COVID-19",
    "expert_labels_1": {
        "quality": "ok",
        "cough_type": "dry",
        "dyspnea": "False",
        "wheezing": "True",
        "stridor": "False",
        "choking": "False",
        "congestion": "False",
        "nothing": "True",
        "diagnosis": "COVID-19",
        "severity": "mild"
    }
}