{
    "datetime": "2020-04-10T08:02:06.353052+00:00",
    "cough_detected": "0.9962",
    "latitude": "41.7",
    "longitude": "-4.7",
    "age": "42",
    "gender": "male",
    "respiratory_condition": "True",
    "fever_muscle_pain": "False",
    "status": "COVID-19",
    "expert_labels_2": {
        "quality": "ok",
        "cough_type": "dry",
        "dyspnea": "True",
        "wheezing": "False",
        "stridor": "False",
        "choking": "False",
        "congestion": "False",
        "nothing": "False",
        "diagnosis": "COVID-19",
        "severity": "mild"
    }
}