{
    "datetime": "2020-04-13T17:54:11.126229+00:00",
    "cough_detected": "0.8876",
    "latitude": "40.7",
    "longitude": "72.5",
    "age": "20",
    "gender": "male",
    "respiratory_condition": "False",
    "fever_muscle_pain": "False",
    "status": "COVID-19",
    "expert_labels_1": {
        "quality": "poor",
        "cough_type": "unknown",
        "dyspnea": "False",
        "wheezing": "False",
        "stridor": "False",
        "choking": "False",
        "congestion": "False",
        "nothing": "True",
        "diagnosis": "healthy_cough",
        "severity": "pseudocough"
    }
}