{
    "datetime": "2020-04-13T18:02:44.743571+00:00",
    "cough_detected": "0.8540",
    "latitude": "-12.1",
    "longitude": "-76.9",
    "age": "35",
    "gender": "male",
    "respiratory_condition": "False",
    "fever_muscle_pain": "False",
    "status": "healthy",
    "expert_labels_2": {
        "quality": "ok",
        "cough_type": "dry",
        "dyspnea": "True",
        "wheezing": "False",
        "stridor": "False",
        "choking": "False",
        "congestion": "False",
        "nothing": "False",
        "diagnosis": "COVID-19",
        "severity": "mild"
    }
}