{
    "datetime": "2020-04-12T23:28:12.762609+00:00",
    "cough_detected": "0.9865",
    "latitude": "-3.5",
    "longitude": "-80.0",
    "age": "36",
    "gender": "male",
    "respiratory_condition": "True",
    "fever_muscle_pain": "False",
    "status": "COVID-19",
    "expert_labels_2": {
        "quality": "ok",
        "cough_type": "dry",
        "dyspnea": "True",
        "wheezing": "False",
        "stridor": "False",
        "choking": "False",
        "congestion": "False",
        "nothing": "False",
        "diagnosis": "upper_infection",
        "severity": "unknown"
    }
}