{
    "datetime": "2020-04-14T15:39:17.939586+00:00",
    "cough_detected": "0.9904",
    "latitude": "43.3",
    "longitude": "-3.0",
    "age": "29",
    "gender": "female",
    "respiratory_condition": "False",
    "fever_muscle_pain": "False",
    "status": "healthy",
    "expert_labels_3": {
        "quality": "good",
        "cough_type": "wet",
        "dyspnea": "False",
        "wheezing": "False",
        "stridor": "False",
        "choking": "False",
        "congestion": "False",
        "nothing": "True",
        "diagnosis": "COVID-19",
        "severity": "severe"
    }
}