{
    "datetime": "2020-04-13T12:25:57.785618+00:00",
    "cough_detected": "0.9874",
    "latitude": "-10.2",
    "longitude": "-48.4",
    "age": "44",
    "gender": "female",
    "respiratory_condition": "False",
    "fever_muscle_pain": "False",
    "status": "healthy",
    "expert_labels_1": {
        "quality": "poor",
        "cough_type": "unknown",
        "dyspnea": "False",
        "wheezing": "True",
        "stridor": "False",
        "choking": "False",
        "congestion": "False",
        "nothing": "False",
        "diagnosis": "COVID-19",
        "severity": "mild"
    }
}