{
    "datetime": "2020-04-11T12:15:35.588886+00:00",
    "cough_detected": "0.9797",
    "latitude": "41.3",
    "longitude": "-8.5",
    "age": "41",
    "gender": "female",
    "respiratory_condition": "False",
    "fever_muscle_pain": "False",
    "status": "symptomatic",
    "expert_labels_1": {
        "quality": "ok",
        "cough_type": "dry",
        "dyspnea": "False",
        "wheezing": "False",
        "stridor": "False",
        "choking": "False",
        "congestion": "False",
        "nothing": "True",
        "diagnosis": "COVID-19",
        "severity": "mild"
    }
}