{
    "datetime": "2020-04-13T22:57:58.066929+00:00",
    "cough_detected": "0.9820",
    "latitude": "41.0",
    "longitude": "29.1",
    "age": "40",
    "gender": "male",
    "respiratory_condition": "False",
    "fever_muscle_pain": "False",
    "status": "healthy",
    "expert_labels_2": {
        "quality": "good",
        "cough_type": "dry",
        "dyspnea": "False",
        "wheezing": "False",
        "stridor": "False",
        "choking": "False",
        "congestion": "False",
        "nothing": "True",
        "diagnosis": "COVID-19",
        "severity": "unknown"
    }
}