{
    "datetime": "2020-04-13T15:17:42.995800+00:00",
    "cough_detected": "0.8313",
    "latitude": "40.2",
    "longitude": "68.3",
    "age": "23",
    "gender": "female",
    "respiratory_condition": "False",
    "fever_muscle_pain": "False",
    "status": "COVID-19",
    "expert_labels_4": {
        "quality": "no_cough",
        "dyspnea": "False",
        "wheezing": "False",
        "stridor": "False",
        "choking": "False",
        "congestion": "False",
        "nothing": "False"
    }
}