{
    "datetime": "2020-04-10T06:49:10.113936+00:00",
    "cough_detected": "0.9820",
    "latitude": "50.7",
    "longitude": "5.7",
    "age": "30",
    "gender": "male",
    "respiratory_condition": "False",
    "fever_muscle_pain": "False",
    "status": "symptomatic",
    "expert_labels_2": {
        "quality": "good",
        "cough_type": "dry",
        "dyspnea": "False",
        "wheezing": "False",
        "stridor": "False",
        "choking": "False",
        "congestion": "False",
        "nothing": "True",
        "diagnosis": "COVID-19",
        "severity": "unknown"
    }
}