{
    "datetime": "2020-04-14T12:12:20.813549+00:00",
    "cough_detected": "0.9650",
    "gender": "female",
    "respiratory_condition": "False",
    "fever_muscle_pain": "False",
    "status": "COVID-19",
    "expert_labels_1": {
        "quality": "ok",
        "cough_type": "wet",
        "dyspnea": "False",
        "wheezing": "False",
        "stridor": "False",
        "choking": "False",
        "congestion": "True",
        "nothing": "False",
        "diagnosis": "upper_infection",
        "severity": "mild"
    }
}