{
    "datetime": "2020-04-18T01:11:25.704350+00:00",
    "cough_detected": "0.4229",
    "latitude": "47.9",
    "longitude": "-122.3",
    "age": "34",
    "gender": "female",
    "respiratory_condition": "False",
    "fever_muscle_pain": "False",
    "status": "symptomatic",
    "expert_labels_2": {
        "quality": "ok",
        "cough_type": "dry",
        "dyspnea": "False",
        "wheezing": "False",
        "stridor": "True",
        "choking": "False",
        "congestion": "False",
        "nothing": "False",
        "diagnosis": "COVID-19",
        "severity": "mild"
    }
}