{
    "datetime": "2020-04-22T20:29:20.444155+00:00",
    "cough_detected": "0.3899",
    "latitude": "-3.6",
    "longitude": "-80.1",
    "age": "24",
    "gender": "male",
    "respiratory_condition": "True",
    "fever_muscle_pain": "True",
    "status": "healthy",
    "expert_labels_1": {
        "quality": "ok",
        "cough_type": "unknown",
        "dyspnea": "False",
        "wheezing": "False",
        "stridor": "False",
        "choking": "False",
        "congestion": "False",
        "nothing": "True",
        "diagnosis": "COVID-19",
        "severity": "mild"
    }
}