{
    "datetime": "2020-04-10T11:46:16.828827+00:00",
    "cough_detected": "0.7507",
    "latitude": "40.2",
    "longitude": "-0.0",
    "age": "55",
    "gender": "male",
    "respiratory_condition": "True",
    "fever_muscle_pain": "False",
    "status": "COVID-19",
    "expert_labels_3": {
        "quality": "good",
        "cough_type": "unknown",
        "dyspnea": "False",
        "wheezing": "False",
        "stridor": "False",
        "choking": "False",
        "congestion": "False",
        "nothing": "True",
        "diagnosis": "upper_infection",
        "severity": "mild"
    }
}