{
    "datetime": "2020-05-05T00:53:38.087934+00:00",
    "cough_detected": "0.9691",
    "latitude": "-12.0",
    "longitude": "-77.0",
    "age": "31",
    "gender": "male",
    "respiratory_condition": "False",
    "fever_muscle_pain": "True",
    "status": "symptomatic",
    "expert_labels_1": {
        "quality": "ok",
        "cough_type": "dry",
        "dyspnea": "False",
        "wheezing": "False",
        "stridor": "False",
        "choking": "False",
        "congestion": "False",
        "nothing": "True",
        "diagnosis": "COVID-19",
        "severity": "mild"
    }
}