{
    "datetime": "2020-11-25T18:56:28.702332+00:00",
    "cough_detected": "0.9515",
    "latitude": "48.6",
    "longitude": "-1.9",
    "age": "96",
    "gender": "female",
    "respiratory_condition": "True",
    "fever_muscle_pain": "False",
    "status": "COVID-19",
    "expert_labels_4": {
        "quality": "no_cough",
        "dyspnea": "False",
        "wheezing": "False",
        "stridor": "False",
        "choking": "False",
        "congestion": "False",
        "nothing": "False"
    }
}