{
    "datetime": "2020-04-10T22:05:40.177559+00:00",
    "cough_detected": "0.9778",
    "latitude": "38.4",
    "longitude": "-82.7",
    "age": "28",
    "gender": "male",
    "respiratory_condition": "False",
    "fever_muscle_pain": "False",
    "status": "symptomatic",
    "expert_labels_2": {
        "quality": "poor",
        "cough_type": "dry",
        "dyspnea": "False",
        "wheezing": "False",
        "stridor": "False",
        "choking": "False",
        "congestion": "False",
        "nothing": "True",
        "diagnosis": "COVID-19",
        "severity": "mild"
    }
}