{
    "datetime": "2020-04-13T16:52:19.821538+00:00",
    "cough_detected": "0.6327",
    "latitude": "-15.8",
    "longitude": "-47.9",
    "age": "33",
    "gender": "male",
    "respiratory_condition": "True",
    "fever_muscle_pain": "True",
    "status": "healthy",
    "expert_labels_1": {
        "quality": "ok",
        "cough_type": "dry",
        "dyspnea": "False",
        "wheezing": "False",
        "stridor": "False",
        "choking": "False",
        "congestion": "False",
        "nothing": "True",
        "diagnosis": "COVID-19",
        "severity": "mild"
    }
}