{
    "datetime": "2020-05-12T09:34:23.887423+00:00",
    "cough_detected": "0.6221",
    "latitude": "42.2",
    "longitude": "-8.7",
    "age": "68",
    "gender": "male",
    "respiratory_condition": "False",
    "fever_muscle_pain": "False",
    "status": "COVID-19",
    "expert_labels_1": {
        "quality": "ok",
        "cough_type": "unknown",
        "dyspnea": "False",
        "wheezing": "False",
        "stridor": "False",
        "choking": "False",
        "congestion": "False",
        "nothing": "True",
        "diagnosis": "healthy_cough",
        "severity": "pseudocough"
    }
}