{
    "datetime": "2020-10-18T20:54:48.735336+00:00",
    "cough_detected": "0.9912",
    "latitude": "45.4",
    "longitude": "4.4",
    "age": "26",
    "gender": "male",
    "respiratory_condition": "False",
    "fever_muscle_pain": "False",
    "status": "COVID-19",
    "expert_labels_4": {
        "quality": "ok",
        "cough_type": "wet",
        "dyspnea": "False",
        "wheezing": "False",
        "stridor": "False",
        "choking": "False",
        "congestion": "False",
        "nothing": "True",
        "diagnosis": "lower_infection",
        "severity": "mild"
    }
}