{
    "datetime": "2020-04-19T03:28:27.215580+00:00",
    "cough_detected": "0.5949",
    "latitude": "26.0",
    "longitude": "-80.1",
    "age": "35",
    "gender": "female",
    "respiratory_condition": "False",
    "fever_muscle_pain": "True",
    "status": "symptomatic",
    "expert_labels_2": {
        "quality": "good",
        "cough_type": "dry",
        "dyspnea": "False",
        "wheezing": "False",
        "stridor": "False",
        "choking": "False",
        "congestion": "False",
        "nothing": "True",
        "diagnosis": "COVID-19",
        "severity": "mild"
    }
}