{
    "datetime": "2020-04-09T17:41:15.567280+00:00",
    "cough_detected": "0.8994",
    "latitude": "46.5",
    "longitude": "6.7",
    "age": "53",
    "gender": "male",
    "respiratory_condition": "False",
    "fever_muscle_pain": "False",
    "status": "healthy",
    "expert_labels_1": {
        "quality": "ok",
        "cough_type": "dry",
        "dyspnea": "False",
        "wheezing": "False",
        "stridor": "False",
        "choking": "False",
        "congestion": "False",
        "nothing": "True",
        "diagnosis": "COVID-19",
        "severity": "mild"
    }
}