{
    "datetime": "2020-04-16T06:54:43.611641+00:00",
    "cough_detected": "0.9931",
    "latitude": "36.4",
    "longitude": "-5.2",
    "age": "33",
    "gender": "female",
    "respiratory_condition": "True",
    "fever_muscle_pain": "False",
    "status": "symptomatic",
    "expert_labels_2": {
        "quality": "ok",
        "cough_type": "dry",
        "dyspnea": "False",
        "wheezing": "False",
        "stridor": "False",
        "choking": "False",
        "congestion": "False",
        "nothing": "True",
        "diagnosis": "COVID-19",
        "severity": "mild"
    }
}