{
    "datetime": "2020-04-13T15:13:00.171472+00:00",
    "cough_detected": "0.9955",
    "latitude": "41.8",
    "longitude": "60.4",
    "age": "17",
    "gender": "male",
    "respiratory_condition": "False",
    "fever_muscle_pain": "False",
    "status": "COVID-19",
    "expert_labels_2": {
        "quality": "ok",
        "cough_type": "dry",
        "dyspnea": "False",
        "wheezing": "True",
        "stridor": "False",
        "choking": "False",
        "congestion": "False",
        "nothing": "False",
        "diagnosis": "COVID-19",
        "severity": "mild"
    }
}