{
    "datetime": "2020-04-09T21:53:35.596152+00:00",
    "cough_detected": "0.9940",
    "latitude": "-36.2",
    "longitude": "-61.1",
    "age": "42",
    "gender": "male",
    "respiratory_condition": "False",
    "fever_muscle_pain": "False",
    "status": "symptomatic",
    "expert_labels_2": {
        "quality": "ok",
        "cough_type": "unknown",
        "dyspnea": "False",
        "wheezing": "False",
        "stridor": "False",
        "choking": "False",
        "congestion": "False",
        "nothing": "True",
        "diagnosis": "COVID-19",
        "severity": "mild"
    }
}