{
    "datetime": "2020-04-12T10:51:13.823352+00:00",
    "cough_detected": "0.8553",
    "age": "37",
    "gender": "male",
    "respiratory_condition": "False",
    "fever_muscle_pain": "False",
    "status": "COVID-19",
    "expert_labels_2": {
        "quality": "good",
        "cough_type": "dry",
        "dyspnea": "False",
        "wheezing": "False",
        "stridor": "False",
        "choking": "False",
        "congestion": "False",
        "nothing": "False",
        "diagnosis": "upper_infection",
        "severity": "pseudocough"
    }
}