{
    "datetime": "2020-04-13T15:10:04.441202+00:00",
    "cough_detected": "0.2967",
    "latitude": "41.3",
    "longitude": "69.2",
    "gender": "female",
    "respiratory_condition": "False",
    "fever_muscle_pain": "False",
    "status": "COVID-19",
    "expert_labels_2": {
        "quality": "poor",
        "cough_type": "dry",
        "dyspnea": "False",
        "wheezing": "False",
        "stridor": "False",
        "choking": "False",
        "congestion": "False",
        "nothing": "True",
        "diagnosis": "healthy_cough",
        "severity": "pseudocough"
    }
}