{
    "datetime": "2020-04-10T00:04:05.255506+00:00",
    "cough_detected": "0.9719",
    "latitude": "-26.8",
    "longitude": "-65.2",
    "age": "31",
    "gender": "male",
    "respiratory_condition": "True",
    "fever_muscle_pain": "False",
    "status": "symptomatic",
    "expert_labels_2": {
        "quality": "good",
        "cough_type": "dry",
        "dyspnea": "False",
        "wheezing": "False",
        "stridor": "False",
        "choking": "False",
        "congestion": "False",
        "nothing": "True",
        "diagnosis": "COVID-19",
        "severity": "mild"
    }
}