{
    "datetime": "2020-04-09T22:31:50.446643+00:00",
    "cough_detected": "0.6364",
    "latitude": "4.6",
    "longitude": "-74.1",
    "age": "30",
    "gender": "female",
    "respiratory_condition": "False",
    "fever_muscle_pain": "True",
    "status": "COVID-19",
    "expert_labels_2": {
        "quality": "ok",
        "cough_type": "wet",
        "dyspnea": "False",
        "wheezing": "False",
        "stridor": "False",
        "choking": "False",
        "congestion": "False",
        "nothing": "True",
        "diagnosis": "lower_infection",
        "severity": "mild"
    }
}