{
    "datetime": "2020-04-12T01:08:46.982941+00:00",
    "cough_detected": "0.8922",
    "latitude": "40.3",
    "longitude": "-3.8",
    "age": "45",
    "gender": "female",
    "respiratory_condition": "False",
    "fever_muscle_pain": "False",
    "status": "COVID-19",
    "expert_labels_1": {
        "quality": "ok",
        "cough_type": "wet",
        "dyspnea": "False",
        "wheezing": "False",
        "stridor": "False",
        "choking": "False",
        "congestion": "False",
        "nothing": "True",
        "diagnosis": "lower_infection",
        "severity": "mild"
    }
}