{
    "datetime": "2020-04-10T04:19:26.398787+00:00",
    "cough_detected": "0.9771",
    "latitude": "-27.4",
    "longitude": "-58.9",
    "age": "45",
    "gender": "male",
    "respiratory_condition": "True",
    "fever_muscle_pain": "False",
    "status": "symptomatic",
    "expert_labels_1": {
        "quality": "ok",
        "cough_type": "dry",
        "dyspnea": "False",
        "wheezing": "False",
        "stridor": "False",
        "choking": "False",
        "congestion": "False",
        "nothing": "True",
        "diagnosis": "COVID-19",
        "severity": "mild"
    }
}