{
    "datetime": "2020-07-19T04:04:07.147893+00:00",
    "cough_detected": "0.9987",
    "age": "28",
    "gender": "male",
    "respiratory_condition": "False",
    "fever_muscle_pain": "False",
    "status": "COVID-19",
    "expert_labels_4": {
        "quality": "good",
        "cough_type": "wet",
        "dyspnea": "False",
        "wheezing": "False",
        "stridor": "False",
        "choking": "False",
        "congestion": "True",
        "nothing": "False",
        "diagnosis": "lower_infection",
        "severity": "mild"
    }
}