{
    "datetime": "2020-04-21T12:58:27.739096+00:00",
    "cough_detected": "0.9595",
    "latitude": "41.0",
    "longitude": "-74.4",
    "age": "46",
    "gender": "female",
    "respiratory_condition": "False",
    "fever_muscle_pain": "False",
    "status": "COVID-19",
    "expert_labels_2": {
        "quality": "good",
        "cough_type": "dry",
        "dyspnea": "False",
        "wheezing": "False",
        "stridor": "True",
        "choking": "False",
        "congestion": "False",
        "nothing": "False",
        "diagnosis": "COVID-19",
        "severity": "mild"
    }
}