{
    "datetime": "2020-11-24T06:50:34.725262+00:00",
    "cough_detected": "0.9793",
    "latitude": "46.5",
    "longitude": "6.6",
    "age": "36",
    "gender": "female",
    "respiratory_condition": "True",
    "fever_muscle_pain": "True",
    "status": "COVID-19",
    "expert_labels_4": {
        "quality": "good",
        "cough_type": "wet",
        "dyspnea": "False",
        "wheezing": "False",
        "stridor": "False",
        "choking": "False",
        "congestion": "False",
        "nothing": "True",
        "diagnosis": "lower_infection",
        "severity": "mild"
    }
}