{
    "datetime": "2020-04-13T18:17:20.298842+00:00",
    "cough_detected": "0.9864",
    "age": "25",
    "gender": "male",
    "respiratory_condition": "False",
    "fever_muscle_pain": "True",
    "status": "symptomatic",
    "expert_labels_1": {
        "quality": "ok",
        "cough_type": "unknown",
        "dyspnea": "False",
        "wheezing": "False",
        "stridor": "False",
        "choking": "False",
        "congestion": "False",
        "nothing": "True",
        "diagnosis": "healthy_cough",
        "severity": "pseudocough"
    },
    "expert_labels_2": {
        "quality": "good",
        "cough_type": "dry",
        "dyspnea": "True",
        "wheezing": "False",
        "stridor": "False",
        "choking": "False",
        "congestion": "False",
        "nothing": "False",
        "diagnosis": "obstructive_disease",
        "severity": "mild"
    },
    "expert_labels_3": {
        "quality": "good",
        "cough_type": "dry",
        "dyspnea": "False",
        "wheezing": "False",
        "stridor": "False",
        "choking": "False",
        "congestion": "False",
        "nothing": "True",
        "diagnosis": "upper_infection",
        "severity": "mild"
    },
    "expert_labels_4": {
        "quality": "good",
        "cough_type": "dry",
        "dyspnea": "False",
        "wheezing": "False",
        "stridor": "False",
        "choking": "False",
        "congestion": "False",
        "nothing": "True",
        "diagnosis": "COVID-19",
        "severity": "mild"
    }
}