{
    "datetime": "2020-07-05T20:03:24.500395+00:00",
    "cough_detected": "0.9247",
    "latitude": "41.3",
    "longitude": "1.7",
    "age": "58",
    "gender": "male",
    "respiratory_condition": "False",
    "fever_muscle_pain": "False",
    "status": "COVID-19",
    "expert_labels_4": {
        "quality": "good",
        "cough_type": "wet",
        "dyspnea": "False",
        "wheezing": "False",
        "stridor": "False",
        "choking": "False",
        "congestion": "False",
        "nothing": "True",
        "diagnosis": "obstructive_disease",
        "severity": "mild"
    }
}