{
    "datetime": "2020-04-13T15:13:55.221839+00:00",
    "cough_detected": "0.9490",
    "latitude": "41.3",
    "longitude": "69.2",
    "age": "24",
    "gender": "female",
    "respiratory_condition": "False",
    "fever_muscle_pain": "False",
    "status": "COVID-19",
    "expert_labels_2": {
        "quality": "poor",
        "cough_type": "dry",
        "dyspnea": "False",
        "wheezing": "False",
        "stridor": "False",
        "choking": "False",
        "congestion": "False",
        "nothing": "False",
        "diagnosis": "obstructive_disease",
        "severity": "mild"
    }
}