{
    "datetime": "2020-04-17T17:08:59.683424+00:00",
    "cough_detected": "0.9686",
    "age": "40",
    "gender": "male",
    "respiratory_condition": "False",
    "fever_muscle_pain": "False",
    "status": "symptomatic",
    "expert_labels_1": {
        "quality": "ok",
        "cough_type": "dry",
        "dyspnea": "False",
        "wheezing": "False",
        "stridor": "False",
        "choking": "False",
        "congestion": "False",
        "nothing": "True",
        "diagnosis": "COVID-19",
        "severity": "mild"
    },
    "expert_labels_2": {
        "quality": "good",
        "cough_type": "wet",
        "dyspnea": "False",
        "wheezing": "False",
        "stridor": "False",
        "choking": "False",
        "congestion": "False",
        "nothing": "True",
        "diagnosis": "lower_infection",
        "severity": "mild"
    },
    "expert_labels_3": {
        "quality": "good",
        "cough_type": "wet",
        "dyspnea": "False",
        "wheezing": "False",
        "stridor": "False",
        "choking": "False",
        "congestion": "False",
        "nothing": "True",
        "diagnosis": "lower_infection",
        "severity": "severe"
    },
    "expert_labels_4": {
        "quality": "good",
        "cough_type": "dry",
        "dyspnea": "True",
        "wheezing": "False",
        "stridor": "False",
        "choking": "False",
        "congestion": "False",
        "nothing": "False",
        "diagnosis": "COVID-19",
        "severity": "severe"
    }
}