{
    "datetime": "2020-04-13T15:19:32.740077+00:00",
    "cough_detected": "0.9885",
    "latitude": "38.0",
    "longitude": "67.8",
    "age": "26",
    "gender": "other",
    "respiratory_condition": "True",
    "fever_muscle_pain": "True",
    "status": "COVID-19",
    "expert_labels_2": {
        "quality": "ok",
        "cough_type": "dry",
        "dyspnea": "False",
        "wheezing": "False",
        "stridor": "False",
        "choking": "False",
        "congestion": "False",
        "nothing": "True",
        "diagnosis": "COVID-19",
        "severity": "mild"
    }
}