{
    "datetime": "2020-07-26T12:27:00.173775+00:00",
    "cough_detected": "0.9312",
    "latitude": "43.3",
    "longitude": "5.7",
    "age": "56",
    "gender": "male",
    "respiratory_condition": "False",
    "fever_muscle_pain": "False",
    "status": "symptomatic",
    "expert_labels_4": {
        "quality": "good",
        "cough_type": "dry",
        "dyspnea": "False",
        "wheezing": "False",
        "stridor": "False",
        "choking": "False",
        "congestion": "False",
        "nothing": "True",
        "diagnosis": "COVID-19",
        "severity": "severe"
    }
}