{
    "datetime": "2020-05-06T22:50:12.932343+00:00",
    "cough_detected": "0.9818",
    "latitude": "28.7",
    "longitude": "-81.4",
    "age": "29",
    "gender": "female",
    "respiratory_condition": "False",
    "fever_muscle_pain": "True",
    "status": "symptomatic",
    "expert_labels_1": {
        "quality": "ok",
        "cough_type": "dry",
        "dyspnea": "False",
        "wheezing": "False",
        "stridor": "False",
        "choking": "False",
        "congestion": "False",
        "nothing": "False",
        "diagnosis": "COVID-19",
        "severity": "mild"
    }
}