{
    "datetime": "2020-04-10T02:11:19.079793+00:00",
    "cough_detected": "0.3241",
    "latitude": "-12.1",
    "longitude": "-77.1",
    "age": "46",
    "gender": "male",
    "respiratory_condition": "False",
    "fever_muscle_pain": "False",
    "status": "COVID-19",
    "expert_labels_3": {
        "quality": "good",
        "cough_type": "dry",
        "dyspnea": "False",
        "wheezing": "False",
        "stridor": "False",
        "choking": "False",
        "congestion": "False",
        "nothing": "True",
        "diagnosis": "upper_infection",
        "severity": "mild"
    }
}