{
    "datetime": "2020-05-06T08:18:48.165322+00:00",
    "cough_detected": "0.9884",
    "latitude": "51.4",
    "longitude": "0.5",
    "age": "38",
    "gender": "male",
    "respiratory_condition": "False",
    "fever_muscle_pain": "False",
    "status": "healthy",
    "expert_labels_2": {
        "quality": "good",
        "cough_type": "dry",
        "dyspnea": "False",
        "wheezing": "False",
        "stridor": "False",
        "choking": "False",
        "congestion": "False",
        "nothing": "True",
        "diagnosis": "COVID-19",
        "severity": "mild"
    }
}