{
    "datetime": "2020-04-10T09:29:42.765276+00:00",
    "cough_detected": "0.9785",
    "latitude": "41.5",
    "longitude": "2.1",
    "age": "48",
    "gender": "female",
    "respiratory_condition": "True",
    "fever_muscle_pain": "False",
    "status": "COVID-19",
    "expert_labels_4": {
        "quality": "good",
        "cough_type": "dry",
        "dyspnea": "False",
        "wheezing": "False",
        "stridor": "False",
        "choking": "False",
        "congestion": "False",
        "nothing": "True",
        "diagnosis": "upper_infection",
        "severity": "unknown"
    }
}