{
    "datetime": "2020-04-13T15:21:40.328449+00:00",
    "cough_detected": "0.9937",
    "latitude": "41.4",
    "longitude": "64.6",
    "age": "15",
    "gender": "male",
    "respiratory_condition": "False",
    "fever_muscle_pain": "False",
    "status": "COVID-19",
    "expert_labels_1": {
        "quality": "poor",
        "cough_type": "wet",
        "dyspnea": "False",
        "wheezing": "False",
        "stridor": "False",
        "choking": "False",
        "congestion": "False",
        "nothing": "True",
        "diagnosis": "lower_infection",
        "severity": "mild"
    }
}