{
    "datetime": "2020-04-12T17:40:09.297222+00:00",
    "cough_detected": "0.9979",
    "latitude": "36.9",
    "longitude": "30.7",
    "age": "35",
    "gender": "male",
    "respiratory_condition": "False",
    "fever_muscle_pain": "False",
    "status": "COVID-19",
    "expert_labels_2": {
        "quality": "good",
        "cough_type": "dry",
        "dyspnea": "True",
        "wheezing": "False",
        "stridor": "False",
        "choking": "False",
        "congestion": "False",
        "nothing": "False",
        "diagnosis": "COVID-19",
        "severity": "severe"
    }
}