{
    "datetime": "2020-04-19T19:41:00.160504+00:00",
    "cough_detected": "0.4176",
    "latitude": "42.7",
    "longitude": "23.3",
    "age": "50",
    "gender": "male",
    "respiratory_condition": "False",
    "fever_muscle_pain": "False",
    "status": "symptomatic",
    "expert_labels_2": {
        "quality": "good",
        "cough_type": "dry",
        "dyspnea": "False",
        "wheezing": "False",
        "stridor": "False",
        "choking": "False",
        "congestion": "False",
        "nothing": "True",
        "diagnosis": "COVID-19",
        "severity": "mild"
    }
}