{
    "datetime": "2020-04-11T18:07:11.176323+00:00",
    "cough_detected": "0.9813",
    "age": "53",
    "gender": "male",
    "respiratory_condition": "True",
    "fever_muscle_pain": "False",
    "status": "COVID-19",
    "expert_labels_4": {
        "quality": "good",
        "cough_type": "dry",
        "dyspnea": "False",
        "wheezing": "False",
        "stridor": "False",
        "choking": "False",
        "congestion": "False",
        "nothing": "True",
        "diagnosis": "upper_infection",
        "severity": "mild"
    }
}