{
    "datetime": "2020-04-13T14:55:36.961095+00:00",
    "cough_detected": "0.9517",
    "latitude": "37.4",
    "longitude": "67.2",
    "age": "17",
    "gender": "female",
    "respiratory_condition": "True",
    "fever_muscle_pain": "True",
    "status": "COVID-19",
    "expert_labels_2": {
        "quality": "good",
        "cough_type": "dry",
        "dyspnea": "True",
        "wheezing": "True",
        "stridor": "False",
        "choking": "False",
        "congestion": "False",
        "nothing": "False",
        "diagnosis": "obstructive_disease",
        "severity": "severe"
    }
}