{
    "datetime": "2020-04-11T12:22:29.029706+00:00",
    "cough_detected": "0.8893",
    "latitude": "25.7",
    "longitude": "-100.4",
    "age": "29",
    "gender": "male",
    "respiratory_condition": "False",
    "fever_muscle_pain": "False",
    "status": "COVID-19",
    "expert_labels_3": {
        "quality": "good",
        "cough_type": "unknown",
        "dyspnea": "False",
        "wheezing": "False",
        "stridor": "False",
        "choking": "False",
        "congestion": "False",
        "nothing": "True",
        "diagnosis": "upper_infection",
        "severity": "mild"
    }
}