{
    "datetime": "2020-04-14T03:32:57.635879+00:00",
    "cough_detected": "0.9305",
    "latitude": "39.7",
    "longitude": "66.7",
    "age": "30",
    "gender": "male",
    "respiratory_condition": "False",
    "fever_muscle_pain": "True",
    "status": "COVID-19",
    "expert_labels_2": {
        "quality": "poor",
        "cough_type": "unknown",
        "dyspnea": "False",
        "wheezing": "False",
        "stridor": "False",
        "choking": "False",
        "congestion": "False",
        "nothing": "True",
        "diagnosis": "upper_infection",
        "severity": "unknown"
    }
}