{
    "datetime": "2020-04-14T15:03:52.152954+00:00",
    "cough_detected": "0.5183",
    "latitude": "40.9",
    "longitude": "29.2",
    "age": "40",
    "gender": "female",
    "respiratory_condition": "False",
    "fever_muscle_pain": "True",
    "status": "COVID-19",
    "expert_labels_2": {
        "quality": "ok",
        "cough_type": "dry",
        "dyspnea": "False",
        "wheezing": "False",
        "stridor": "False",
        "choking": "False",
        "congestion": "False",
        "nothing": "True",
        "diagnosis": "healthy_cough",
        "severity": "pseudocough"
    }
}