{
    "datetime": "2020-04-12T15:31:43.005467+00:00",
    "cough_detected": "0.2851",
    "latitude": "38.7",
    "longitude": "-77.2",
    "age": "45",
    "gender": "male",
    "respiratory_condition": "False",
    "fever_muscle_pain": "False",
    "status": "healthy",
    "expert_labels_1": {
        "quality": "ok",
        "cough_type": "dry",
        "dyspnea": "False",
        "wheezing": "False",
        "stridor": "False",
        "choking": "False",
        "congestion": "False",
        "nothing": "True",
        "diagnosis": "COVID-19",
        "severity": "mild"
    }
}