{
    "datetime": "2020-04-09T22:21:01.087729+00:00",
    "cough_detected": "0.9936",
    "age": "31",
    "gender": "female",
    "respiratory_condition": "True",
    "fever_muscle_pain": "True",
    "status": "COVID-19",
    "expert_labels_3": {
        "quality": "good",
        "cough_type": "unknown",
        "dyspnea": "False",
        "wheezing": "False",
        "stridor": "False",
        "choking": "False",
        "congestion": "True",
        "nothing": "False",
        "diagnosis": "upper_infection",
        "severity": "mild"
    }
}