{
    "datetime": "2020-04-13T15:16:58.666647+00:00",
    "cough_detected": "0.9366",
    "latitude": "40.8",
    "longitude": "68.7",
    "age": "19",
    "gender": "other",
    "respiratory_condition": "True",
    "fever_muscle_pain": "False",
    "status": "COVID-19",
    "expert_labels_4": {
        "quality": "good",
        "cough_type": "dry",
        "dyspnea": "False",
        "wheezing": "False",
        "stridor": "False",
        "choking": "False",
        "congestion": "False",
        "nothing": "True",
        "diagnosis": "healthy_cough",
        "severity": "pseudocough"
    }
}