{
    "datetime": "2020-08-16T16:08:29.381070+00:00",
    "cough_detected": "0.9852",
    "latitude": "4.7",
    "longitude": "-74.1",
    "age": "32",
    "gender": "male",
    "respiratory_condition": "False",
    "fever_muscle_pain": "False",
    "status": "COVID-19",
    "expert_labels_4": {
        "quality": "good",
        "cough_type": "dry",
        "dyspnea": "False",
        "wheezing": "False",
        "stridor": "False",
        "choking": "False",
        "congestion": "False",
        "nothing": "True",
        "diagnosis": "upper_infection",
        "severity": "mild"
    }
}