{
    "datetime": "2020-10-19T08:21:16.273536+00:00",
    "cough_detected": "0.9591",
    "latitude": "46.0",
    "longitude": "4.6",
    "age": "79",
    "gender": "female",
    "respiratory_condition": "False",
    "fever_muscle_pain": "False",
    "status": "COVID-19",
    "expert_labels_4": {
        "quality": "no_cough",
        "dyspnea": "False",
        "wheezing": "False",
        "stridor": "False",
        "choking": "False",
        "congestion": "False",
        "nothing": "False"
    }
}