{
    "datetime": "2020-04-09T20:09:44.667740+00:00",
    "cough_detected": "0.7444",
    "latitude": "36.9",
    "longitude": "-4.5",
    "age": "31",
    "gender": "female",
    "respiratory_condition": "True",
    "fever_muscle_pain": "True",
    "status": "COVID-19",
    "expert_labels_1": {
        "quality": "poor",
        "cough_type": "dry",
        "dyspnea": "False",
        "wheezing": "False",
        "stridor": "False",
        "choking": "False",
        "congestion": "False",
        "nothing": "True",
        "diagnosis": "COVID-19",
        "severity": "mild"
    }
}