{
    "datetime": "2020-05-11T20:34:50.852103+00:00",
    "cough_detected": "0.9474",
    "latitude": "37.3",
    "longitude": "-6.9",
    "age": "28",
    "gender": "female",
    "respiratory_condition": "False",
    "fever_muscle_pain": "False",
    "status": "symptomatic",
    "expert_labels_2": {
        "quality": "good",
        "cough_type": "dry",
        "dyspnea": "False",
        "wheezing": "False",
        "stridor": "False",
        "choking": "False",
        "congestion": "False",
        "nothing": "False",
        "diagnosis": "COVID-19",
        "severity": "mild"
    }
}