{
    "datetime": "2020-04-10T06:29:59.449379+00:00",
    "cough_detected": "0.9982",
    "latitude": "36.4",
    "longitude": "-5.2",
    "age": "47",
    "gender": "male",
    "respiratory_condition": "False",
    "fever_muscle_pain": "False",
    "status": "COVID-19",
    "expert_labels_1": {
        "quality": "ok",
        "cough_type": "unknown",
        "dyspnea": "False",
        "wheezing": "False",
        "stridor": "False",
        "choking": "False",
        "congestion": "False",
        "nothing": "True",
        "diagnosis": "healthy_cough",
        "severity": "pseudocough"
    }
}