{
    "datetime": "2020-04-13T12:57:02.796765+00:00",
    "cough_detected": "0.9955",
    "latitude": "41.6",
    "longitude": "-4.8",
    "age": "27",
    "gender": "female",
    "respiratory_condition": "True",
    "fever_muscle_pain": "False",
    "status": "healthy",
    "expert_labels_2": {
        "quality": "good",
        "cough_type": "dry",
        "dyspnea": "False",
        "wheezing": "False",
        "stridor": "False",
        "choking": "False",
        "congestion": "False",
        "nothing": "True",
        "diagnosis": "COVID-19",
        "severity": "mild"
    }
}