{
    "datetime": "2020-04-14T16:38:20.079894+00:00",
    "cough_detected": "0.9679",
    "latitude": "40.5",
    "longitude": "71.7",
    "gender": "female",
    "respiratory_condition": "False",
    "fever_muscle_pain": "False",
    "status": "COVID-19",
    "expert_labels_2": {
        "quality": "ok",
        "cough_type": "dry",
        "dyspnea": "False",
        "wheezing": "True",
        "stridor": "False",
        "choking": "True",
        "congestion": "False",
        "nothing": "False",
        "diagnosis": "obstructive_disease",
        "severity": "severe"
    }
}