{
    "datetime": "2020-04-11T16:34:59.992343+00:00",
    "cough_detected": "0.9865",
    "latitude": "35.3",
    "longitude": "47.0",
    "age": "34",
    "gender": "male",
    "respiratory_condition": "True",
    "fever_muscle_pain": "True",
    "status": "COVID-19",
    "expert_labels_2": {
        "quality": "poor",
        "cough_type": "dry",
        "dyspnea": "False",
        "wheezing": "False",
        "stridor": "False",
        "choking": "False",
        "congestion": "False",
        "nothing": "True",
        "diagnosis": "upper_infection",
        "severity": "mild"
    }
}