{
    "datetime": "2020-05-03T21:25:25.246615+00:00",
    "cough_detected": "0.8095",
    "latitude": "-9.3",
    "longitude": "-76.0",
    "age": "44",
    "gender": "male",
    "respiratory_condition": "True",
    "fever_muscle_pain": "False",
    "status": "symptomatic",
    "expert_labels_4": {
        "quality": "good",
        "cough_type": "dry",
        "dyspnea": "False",
        "wheezing": "False",
        "stridor": "False",
        "choking": "False",
        "congestion": "False",
        "nothing": "True",
        "diagnosis": "COVID-19",
        "severity": "mild"
    }
}