{
    "datetime": "2020-04-14T22:14:14.520387+00:00",
    "cough_detected": "0.7285",
    "age": "58",
    "gender": "female",
    "respiratory_condition": "True",
    "fever_muscle_pain": "False",
    "status": "healthy",
    "expert_labels_1": {
        "quality": "good",
        "cough_type": "dry",
        "dyspnea": "False",
        "wheezing": "True",
        "stridor": "False",
        "choking": "False",
        "congestion": "False",
        "nothing": "False",
        "diagnosis": "COVID-19",
        "severity": "mild"
    }
}