{
    "datetime": "2020-04-13T18:22:45.041127+00:00",
    "cough_detected": "0.9731",
    "latitude": "41.1",
    "longitude": "29.0",
    "age": "36",
    "gender": "male",
    "respiratory_condition": "True",
    "fever_muscle_pain": "False",
    "status": "healthy",
    "expert_labels_4": {
        "quality": "good",
        "cough_type": "dry",
        "dyspnea": "False",
        "wheezing": "False",
        "stridor": "False",
        "choking": "False",
        "congestion": "False",
        "nothing": "True",
        "diagnosis": "COVID-19",
        "severity": "mild"
    }
}