{
    "datetime": "2020-04-11T09:12:42.421876+00:00",
    "cough_detected": "0.9938",
    "latitude": "41.1",
    "longitude": "28.9",
    "age": "14",
    "gender": "female",
    "respiratory_condition": "False",
    "fever_muscle_pain": "False",
    "status": "COVID-19",
    "expert_labels_1": {
        "quality": "ok",
        "cough_type": "dry",
        "dyspnea": "False",
        "wheezing": "False",
        "stridor": "False",
        "choking": "False",
        "congestion": "True",
        "nothing": "False",
        "diagnosis": "lower_infection",
        "severity": "mild"
    }
}