{
    "datetime": "2020-04-13T15:24:21.463753+00:00",
    "cough_detected": "0.9830",
    "latitude": "40.1",
    "longitude": "67.8",
    "age": "18",
    "gender": "female",
    "respiratory_condition": "False",
    "fever_muscle_pain": "True",
    "status": "COVID-19",
    "expert_labels_1": {
        "quality": "ok",
        "cough_type": "dry",
        "dyspnea": "False",
        "wheezing": "False",
        "stridor": "False",
        "choking": "False",
        "congestion": "False",
        "nothing": "True",
        "diagnosis": "COVID-19",
        "severity": "mild"
    }
}