{
    "datetime": "2020-04-10T10:53:24.684803+00:00",
    "cough_detected": "0.9699",
    "latitude": "-39.0",
    "longitude": "-68.1",
    "age": "23",
    "gender": "female",
    "respiratory_condition": "False",
    "fever_muscle_pain": "False",
    "status": "COVID-19",
    "expert_labels_2": {
        "quality": "good",
        "cough_type": "dry",
        "dyspnea": "False",
        "wheezing": "False",
        "stridor": "False",
        "choking": "False",
        "congestion": "False",
        "nothing": "True",
        "diagnosis": "COVID-19",
        "severity": "mild"
    }
}