{
    "datetime": "2020-04-10T13:42:41.388461+00:00",
    "cough_detected": "0.9645",
    "latitude": "-31.4",
    "longitude": "-64.2",
    "age": "30",
    "gender": "female",
    "respiratory_condition": "False",
    "fever_muscle_pain": "False",
    "status": "symptomatic",
    "expert_labels_2": {
        "quality": "ok",
        "cough_type": "dry",
        "dyspnea": "True",
        "wheezing": "False",
        "stridor": "False",
        "choking": "False",
        "congestion": "False",
        "nothing": "False",
        "diagnosis": "COVID-19",
        "severity": "mild"
    }
}