{
    "datetime": "2020-11-11T09:46:37.611560+00:00",
    "cough_detected": "0.9866",
    "latitude": "46.6",
    "longitude": "6.6",
    "age": "35",
    "gender": "male",
    "respiratory_condition": "True",
    "fever_muscle_pain": "True",
    "status": "COVID-19",
    "expert_labels_4": {
        "quality": "good",
        "cough_type": "dry",
        "dyspnea": "False",
        "wheezing": "True",
        "stridor": "True",
        "choking": "False",
        "congestion": "False",
        "nothing": "False",
        "diagnosis": "obstructive_disease",
        "severity": "unknown"
    }
}