{
    "datetime": "2020-05-26T02:55:56.225209+00:00",
    "cough_detected": "0.9246",
    "latitude": "-34.6",
    "longitude": "-58.4",
    "age": "25",
    "gender": "male",
    "respiratory_condition": "True",
    "fever_muscle_pain": "True",
    "status": "COVID-19",
    "expert_labels_4": {
        "quality": "ok",
        "cough_type": "dry",
        "dyspnea": "False",
        "wheezing": "False",
        "stridor": "False",
        "choking": "False",
        "congestion": "False",
        "nothing": "True",
        "diagnosis": "COVID-19",
        "severity": "mild"
    }
}