{
    "datetime": "2020-04-17T15:18:09.933545+00:00",
    "cough_detected": "0.8028",
    "latitude": "39.5",
    "longitude": "-5.9",
    "age": "47",
    "gender": "male",
    "respiratory_condition": "False",
    "fever_muscle_pain": "False",
    "status": "healthy",
    "expert_labels_2": {
        "quality": "ok",
        "cough_type": "dry",
        "dyspnea": "False",
        "wheezing": "False",
        "stridor": "False",
        "choking": "False",
        "congestion": "False",
        "nothing": "True",
        "diagnosis": "COVID-19",
        "severity": "mild"
    }
}