{
    "datetime": "2020-05-14T10:40:51.747135+00:00",
    "cough_detected": "0.9843",
    "latitude": "28.1",
    "longitude": "-15.4",
    "age": "54",
    "gender": "male",
    "respiratory_condition": "False",
    "fever_muscle_pain": "False",
    "status": "healthy",
    "expert_labels_1": {
        "quality": "ok",
        "cough_type": "dry",
        "dyspnea": "False",
        "wheezing": "True",
        "stridor": "False",
        "choking": "False",
        "congestion": "False",
        "nothing": "False",
        "diagnosis": "COVID-19",
        "severity": "mild"
    }
}