{
    "datetime": "2020-11-11T01:02:33.848310+00:00",
    "cough_detected": "0.9226",
    "latitude": "32.9",
    "longitude": "-6.9",
    "age": "33",
    "gender": "male",
    "respiratory_condition": "False",
    "fever_muscle_pain": "False",
    "status": "COVID-19",
    "expert_labels_4": {
        "quality": "good",
        "cough_type": "dry",
        "dyspnea": "False",
        "wheezing": "False",
        "stridor": "False",
        "choking": "False",
        "congestion": "False",
        "nothing": "True",
        "diagnosis": "upper_infection",
        "severity": "mild"
    }
}