{
    "datetime": "2020-04-11T08:46:52.531866+00:00",
    "cough_detected": "0.1033",
    "latitude": "38.4",
    "longitude": "27.1",
    "age": "53",
    "gender": "male",
    "respiratory_condition": "False",
    "fever_muscle_pain": "False",
    "status": "COVID-19",
    "expert_labels_1": {
        "quality": "poor",
        "cough_type": "dry",
        "dyspnea": "True",
        "wheezing": "True",
        "stridor": "False",
        "choking": "False",
        "congestion": "False",
        "nothing": "True",
        "diagnosis": "obstructive_disease",
        "severity": "mild"
    }
}