{
    "datetime": "2020-04-16T17:06:23.310882+00:00",
    "cough_detected": "0.9930",
    "latitude": "41.0",
    "longitude": "71.6",
    "age": "19",
    "gender": "female",
    "respiratory_condition": "False",
    "fever_muscle_pain": "False",
    "status": "healthy",
    "expert_labels_4": {
        "quality": "ok",
        "cough_type": "dry",
        "dyspnea": "False",
        "wheezing": "False",
        "stridor": "False",
        "choking": "False",
        "congestion": "False",
        "nothing": "True",
        "diagnosis": "COVID-19",
        "severity": "mild"
    }
}