{
    "datetime": "2020-04-09T19:40:41.452507+00:00",
    "cough_detected": "0.7270",
    "latitude": "40.2",
    "longitude": "-8.4",
    "age": "37",
    "gender": "female",
    "respiratory_condition": "False",
    "fever_muscle_pain": "False",
    "status": "COVID-19",
    "expert_labels_1": {
        "quality": "ok",
        "cough_type": "wet",
        "dyspnea": "False",
        "wheezing": "False",
        "stridor": "False",
        "choking": "False",
        "congestion": "False",
        "nothing": "True",
        "diagnosis": "COVID-19",
        "severity": "mild"
    }
}