{
    "datetime": "2020-04-14T11:58:29.297929+00:00",
    "cough_detected": "0",
    "latitude": "38.8",
    "longitude": "34.5",
    "age": "42",
    "gender": "other",
    "respiratory_condition": "True",
    "fever_muscle_pain": "True",
    "status": "COVID-19",
    "expert_labels_1": {
        "quality": "no_cough",
        "dyspnea": "False",
        "wheezing": "False",
        "stridor": "False",
        "choking": "False",
        "congestion": "False",
        "nothing": "False"
    },
    "expert_labels_2": {
        "quality": "no_cough",
        "dyspnea": "False",
        "wheezing": "False",
        "stridor": "False",
        "choking": "False",
        "congestion": "False",
        "nothing": "False"
    },
    "expert_labels_3": {
        "quality": "no_cough",
        "dyspnea": "False",
        "wheezing": "False",
        "stridor": "False",
        "choking": "False",
        "congestion": "False",
        "nothing": "False"
    },
    "expert_labels_4": {
        "quality": "no_cough",
        "dyspnea": "False",
        "wheezing": "False",
        "stridor": "False",
        "choking": "False",
        "congestion": "False",
        "nothing": "False"
    }
}