{
    "datetime": "2020-04-20T14:05:46.136864+00:00",
    "cough_detected": "0.9834",
    "latitude": "30.0",
    "longitude": "31.1",
    "age": "32",
    "gender": "male",
    "respiratory_condition": "False",
    "fever_muscle_pain": "False",
    "status": "symptomatic",
    "expert_labels_3": {
        "quality": "good",
        "cough_type": "wet",
        "dyspnea": "False",
        "wheezing": "False",
        "stridor": "False",
        "choking": "False",
        "congestion": "False",
        "nothing": "False",
        "diagnosis": "lower_infection",
        "severity": "unknown"
    }
}