{
    "datetime": "2020-09-16T02:51:04.393428+00:00",
    "cough_detected": "0.8135",
    "age": "32",
    "gender": "female",
    "respiratory_condition": "True",
    "fever_muscle_pain": "False",
    "status": "symptomatic",
    "expert_labels_4": {
        "quality": "ok",
        "cough_type": "dry",
        "dyspnea": "False",
        "wheezing": "False",
        "stridor": "False",
        "choking": "False",
        "congestion": "False",
        "nothing": "True",
        "diagnosis": "lower_infection",
        "severity": "mild"
    }
}