{
    "datetime": "2020-05-06T12:26:53.032839+00:00",
    "cough_detected": "0.3490",
    "latitude": "41.3",
    "longitude": "69.3",
    "age": "30",
    "gender": "male",
    "respiratory_condition": "True",
    "fever_muscle_pain": "True",
    "status": "symptomatic",
    "expert_labels_2": {
        "quality": "poor",
        "cough_type": "unknown",
        "dyspnea": "False",
        "wheezing": "False",
        "stridor": "False",
        "choking": "True",
        "congestion": "False",
        "nothing": "False",
        "diagnosis": "COVID-19",
        "severity": "severe"
    }
}