{
    "datetime": "2020-07-20T16:06:43.749379+00:00",
    "cough_detected": "0.9922",
    "latitude": "21.3",
    "longitude": "-157.9",
    "age": "35",
    "gender": "female",
    "respiratory_condition": "False",
    "fever_muscle_pain": "True",
    "status": "symptomatic",
    "expert_labels_4": {
        "quality": "good",
        "cough_type": "wet",
        "dyspnea": "False",
        "wheezing": "False",
        "stridor": "False",
        "choking": "False",
        "congestion": "False",
        "nothing": "True",
        "diagnosis": "lower_infection",
        "severity": "mild"
    }
}