{
    "datetime": "2020-04-11T18:35:17.448935+00:00",
    "cough_detected": "0.9984",
    "latitude": "50.5",
    "longitude": "-4.2",
    "age": "29",
    "gender": "male",
    "respiratory_condition": "False",
    "fever_muscle_pain": "False",
    "status": "symptomatic",
    "expert_labels_3": {
        "quality": "good",
        "cough_type": "dry",
        "dyspnea": "False",
        "wheezing": "False",
        "stridor": "False",
        "choking": "False",
        "congestion": "False",
        "nothing": "True",
        "diagnosis": "upper_infection",
        "severity": "mild"
    }
}