{
    "datetime": "2020-04-13T14:41:36.290649+00:00",
    "cough_detected": "0.9980",
    "latitude": "-15.8",
    "longitude": "-47.9",
    "age": "42",
    "gender": "female",
    "respiratory_condition": "True",
    "fever_muscle_pain": "False",
    "status": "symptomatic",
    "expert_labels_1": {
        "quality": "ok",
        "cough_type": "dry",
        "dyspnea": "False",
        "wheezing": "False",
        "stridor": "False",
        "choking": "False",
        "congestion": "False",
        "nothing": "True",
        "diagnosis": "lower_infection",
        "severity": "mild"
    }
}