{
    "datetime": "2020-11-02T06:32:02.116213+00:00",
    "cough_detected": "0.9881",
    "latitude": "47.1",
    "longitude": "-0.9",
    "age": "37",
    "gender": "male",
    "respiratory_condition": "False",
    "fever_muscle_pain": "False",
    "status": "symptomatic",
    "expert_labels_4": {
        "quality": "good",
        "cough_type": "dry",
        "dyspnea": "False",
        "wheezing": "False",
        "stridor": "False",
        "choking": "False",
        "congestion": "False",
        "nothing": "True",
        "diagnosis": "upper_infection",
        "severity": "mild"
    }
}