{
    "datetime": "2020-04-16T22:21:12.787541+00:00",
    "cough_detected": "0.8664",
    "latitude": "40.5",
    "longitude": "-3.7",
    "age": "32",
    "gender": "female",
    "respiratory_condition": "False",
    "fever_muscle_pain": "True",
    "status": "symptomatic",
    "expert_labels_2": {
        "quality": "ok",
        "cough_type": "dry",
        "dyspnea": "False",
        "wheezing": "False",
        "stridor": "False",
        "choking": "False",
        "congestion": "False",
        "nothing": "True",
        "diagnosis": "upper_infection",
        "severity": "mild"
    }
}