{
    "datetime": "2020-11-27T16:52:42.097667+00:00",
    "cough_detected": "0.9977",
    "latitude": "46.3",
    "longitude": "6.9",
    "age": "50",
    "gender": "female",
    "respiratory_condition": "False",
    "fever_muscle_pain": "False",
    "status": "symptomatic",
    "expert_labels_4": {
        "quality": "good",
        "cough_type": "wet",
        "dyspnea": "False",
        "wheezing": "False",
        "stridor": "False",
        "choking": "False",
        "congestion": "True",
        "nothing": "False",
        "diagnosis": "obstructive_disease",
        "severity": "mild"
    }
}