{
    "datetime": "2020-07-19T04:43:42.066805+00:00",
    "cough_detected": "0.9968",
    "latitude": "33.1",
    "longitude": "-96.7",
    "age": "40",
    "gender": "male",
    "respiratory_condition": "False",
    "fever_muscle_pain": "True",
    "status": "symptomatic",
    "expert_labels_4": {
        "quality": "good",
        "cough_type": "wet",
        "dyspnea": "False",
        "wheezing": "False",
        "stridor": "False",
        "choking": "False",
        "congestion": "False",
        "nothing": "True",
        "diagnosis": "COVID-19",
        "severity": "severe"
    }
}