{
    "datetime": "2020-04-16T06:57:39.091797+00:00",
    "cough_detected": "0.9131",
    "latitude": "36.4",
    "longitude": "-5.2",
    "age": "33",
    "gender": "female",
    "respiratory_condition": "True",
    "fever_muscle_pain": "False",
    "status": "symptomatic",
    "expert_labels_3": {
        "quality": "good",
        "cough_type": "wet",
        "dyspnea": "False",
        "wheezing": "False",
        "stridor": "False",
        "choking": "False",
        "congestion": "False",
        "nothing": "True",
        "diagnosis": "lower_infection",
        "severity": "severe"
    }
}