{
    "datetime": "2020-04-15T21:27:43.102851+00:00",
    "cough_detected": "0.9666",
    "age": "25",
    "gender": "male",
    "respiratory_condition": "False",
    "fever_muscle_pain": "True",
    "status": "symptomatic",
    "expert_labels_2": {
        "quality": "poor",
        "cough_type": "dry",
        "dyspnea": "False",
        "wheezing": "False",
        "stridor": "False",
        "choking": "False",
        "congestion": "False",
        "nothing": "True",
        "diagnosis": "lower_infection",
        "severity": "mild"
    }
}