{
    "datetime": "2020-05-06T05:58:07.044661+00:00",
    "cough_detected": "0.9925",
    "latitude": "-8.1",
    "longitude": "-79.0",
    "age": "35",
    "gender": "male",
    "respiratory_condition": "True",
    "fever_muscle_pain": "False",
    "status": "symptomatic",
    "expert_labels_4": {
        "quality": "good",
        "cough_type": "dry",
        "dyspnea": "False",
        "wheezing": "False",
        "stridor": "False",
        "choking": "False",
        "congestion": "False",
        "nothing": "True",
        "diagnosis": "lower_infection",
        "severity": "mild"
    }
}