{
    "datetime": "2020-04-15T20:38:49.250384+00:00",
    "cough_detected": "0.8981",
    "latitude": "-33.0",
    "longitude": "-60.6",
    "age": "33",
    "gender": "male",
    "respiratory_condition": "True",
    "fever_muscle_pain": "False",
    "status": "symptomatic",
    "expert_labels_4": {
        "quality": "good",
        "cough_type": "wet",
        "dyspnea": "False",
        "wheezing": "False",
        "stridor": "False",
        "choking": "False",
        "congestion": "False",
        "nothing": "True",
        "diagnosis": "lower_infection",
        "severity": "mild"
    }
}