{
    "datetime": "2020-10-01T20:11:41.766826+00:00",
    "cough_detected": "0.8817",
    "latitude": "37.8",
    "longitude": "-1.0",
    "age": "46",
    "gender": "male",
    "respiratory_condition": "True",
    "fever_muscle_pain": "True",
    "status": "symptomatic",
    "expert_labels_4": {
        "quality": "good",
        "cough_type": "dry",
        "dyspnea": "False",
        "wheezing": "False",
        "stridor": "False",
        "choking": "False",
        "congestion": "False",
        "nothing": "True",
        "diagnosis": "upper_infection",
        "severity": "mild"
    }
}