{
    "datetime": "2020-05-17T14:12:20.622935+00:00",
    "cough_detected": "0.9934",
    "age": "40",
    "gender": "male",
    "respiratory_condition": "False",
    "fever_muscle_pain": "False",
    "status": "symptomatic",
    "expert_labels_2": {
        "quality": "good",
        "cough_type": "wet",
        "dyspnea": "True",
        "wheezing": "False",
        "stridor": "True",
        "choking": "False",
        "congestion": "False",
        "nothing": "False",
        "diagnosis": "lower_infection",
        "severity": "severe"
    }
}