{
    "datetime": "2020-05-14T20:56:02.213102+00:00",
    "cough_detected": "0.9966",
    "latitude": "42.9",
    "longitude": "-8.6",
    "age": "28",
    "gender": "female",
    "respiratory_condition": "False",
    "fever_muscle_pain": "True",
    "status": "symptomatic",
    "expert_labels_3": {
        "quality": "good",
        "cough_type": "dry",
        "dyspnea": "False",
        "wheezing": "False",
        "stridor": "False",
        "choking": "False",
        "congestion": "False",
        "nothing": "True",
        "diagnosis": "upper_infection",
        "severity": "mild"
    }
}