{
    "datetime": "2020-04-12T05:36:26.983529+00:00",
    "cough_detected": "0.9694",
    "latitude": "30.4",
    "longitude": "-97.7",
    "age": "31",
    "gender": "male",
    "respiratory_condition": "False",
    "fever_muscle_pain": "False",
    "status": "symptomatic",
    "expert_labels_4": {
        "quality": "poor",
        "cough_type": "unknown",
        "dyspnea": "False",
        "wheezing": "False",
        "stridor": "False",
        "choking": "False",
        "congestion": "False",
        "nothing": "True",
        "severity": "unknown"
    }
}