{
    "datetime": "2020-04-17T03:56:36.398027+00:00",
    "cough_detected": "0.8889",
    "latitude": "-8.4",
    "longitude": "115.2",
    "age": "35",
    "gender": "male",
    "respiratory_condition": "False",
    "fever_muscle_pain": "False",
    "status": "symptomatic",
    "expert_labels_4": {
        "quality": "poor",
        "cough_type": "unknown",
        "dyspnea": "False",
        "wheezing": "False",
        "stridor": "False",
        "choking": "False",
        "congestion": "False",
        "nothing": "False",
        "severity": "unknown"
    }
}