{
    "datetime": "2020-04-10T23:34:47.299910+00:00",
    "cough_detected": "0.8384",
    "latitude": "-25.3",
    "longitude": "-57.6",
    "age": "34",
    "gender": "male",
    "respiratory_condition": "True",
    "fever_muscle_pain": "False",
    "status": "symptomatic",
    "expert_labels_1": {
        "quality": "ok",
        "cough_type": "wet",
        "dyspnea": "False",
        "wheezing": "False",
        "stridor": "False",
        "choking": "False",
        "congestion": "False",
        "nothing": "True",
        "diagnosis": "lower_infection",
        "severity": "mild"
    }
}