{
    "datetime": "2020-04-23T09:04:47.689099+00:00",
    "cough_detected": "0.9477",
    "latitude": "54.5",
    "longitude": "-1.1",
    "age": "65",
    "gender": "male",
    "respiratory_condition": "True",
    "fever_muscle_pain": "False",
    "status": "symptomatic",
    "expert_labels_2": {
        "quality": "good",
        "cough_type": "wet",
        "dyspnea": "True",
        "wheezing": "True",
        "stridor": "False",
        "choking": "False",
        "congestion": "False",
        "nothing": "False",
        "diagnosis": "lower_infection",
        "severity": "severe"
    }
}