{
    "datetime": "2020-04-20T18:33:13.558675+00:00",
    "cough_detected": "0.4910",
    "latitude": "52.5",
    "longitude": "13.4",
    "age": "27",
    "gender": "male",
    "respiratory_condition": "True",
    "fever_muscle_pain": "True",
    "status": "symptomatic",
    "expert_labels_1": {
        "quality": "no_cough",
        "dyspnea": "False",
        "wheezing": "False",
        "stridor": "False",
        "choking": "False",
        "congestion": "False",
        "nothing": "False"
    }
}