{
    "datetime": "2020-11-28T13:21:27.477287+00:00",
    "cough_detected": "0.9550",
    "latitude": "32.7",
    "longitude": "74.9",
    "age": "10",
    "gender": "male",
    "respiratory_condition": "False",
    "fever_muscle_pain": "True",
    "status": "symptomatic",
    "expert_labels_4": {
        "quality": "good",
        "cough_type": "dry",
        "dyspnea": "True",
        "wheezing": "False",
        "stridor": "False",
        "choking": "False",
        "congestion": "False",
        "nothing": "False",
        "diagnosis": "obstructive_disease",
        "severity": "severe"
    }
}