{
    "datetime": "2020-04-13T23:58:20.832021+00:00",
    "cough_detected": "0.9961",
    "latitude": "42.8",
    "longitude": "-2.7",
    "age": "47",
    "gender": "male",
    "respiratory_condition": "True",
    "fever_muscle_pain": "False",
    "status": "symptomatic",
    "expert_labels_2": {
        "quality": "good",
        "cough_type": "wet",
        "dyspnea": "False",
        "wheezing": "False",
        "stridor": "False",
        "choking": "False",
        "congestion": "False",
        "nothing": "True",
        "diagnosis": "lower_infection",
        "severity": "unknown"
    }
}