{
    "datetime": "2020-04-22T06:52:28.768375+00:00",
    "cough_detected": "0.9368",
    "latitude": "35.0",
    "longitude": "-114.6",
    "age": "42",
    "gender": "male",
    "respiratory_condition": "True",
    "fever_muscle_pain": "False",
    "status": "symptomatic",
    "expert_labels_3": {
        "quality": "good",
        "cough_type": "wet",
        "dyspnea": "False",
        "wheezing": "False",
        "stridor": "False",
        "choking": "False",
        "congestion": "False",
        "nothing": "True",
        "diagnosis": "lower_infection",
        "severity": "mild"
    }
}