{
    "datetime": "2020-05-15T01:27:45.321674+00:00",
    "cough_detected": "0.9974",
    "latitude": "-26.8",
    "longitude": "-65.1",
    "age": "41",
    "gender": "female",
    "respiratory_condition": "True",
    "fever_muscle_pain": "True",
    "status": "symptomatic",
    "expert_labels_3": {
        "quality": "good",
        "cough_type": "dry",
        "dyspnea": "False",
        "wheezing": "False",
        "stridor": "False",
        "choking": "False",
        "congestion": "False",
        "nothing": "True",
        "diagnosis": "obstructive_disease",
        "severity": "mild"
    }
}