{
    "datetime": "2020-04-15T23:25:49.637138+00:00",
    "cough_detected": "0.9704",
    "latitude": "-25.4",
    "longitude": "-49.3",
    "age": "79",
    "gender": "male",
    "respiratory_condition": "False",
    "fever_muscle_pain": "False",
    "status": "symptomatic",
    "expert_labels_3": {
        "quality": "good",
        "cough_type": "wet",
        "dyspnea": "False",
        "wheezing": "False",
        "stridor": "False",
        "choking": "False",
        "congestion": "False",
        "nothing": "True",
        "diagnosis": "upper_infection",
        "severity": "severe"
    }
}