{
    "datetime": "2020-04-12T02:57:16.894611+00:00",
    "cough_detected": "0.6235",
    "age": "26",
    "gender": "male",
    "respiratory_condition": "False",
    "fever_muscle_pain": "True",
    "status": "symptomatic",
    "expert_labels_2": {
        "quality": "ok",
        "cough_type": "dry",
        "dyspnea": "False",
        "wheezing": "False",
        "stridor": "True",
        "choking": "False",
        "congestion": "False",
        "nothing": "False",
        "diagnosis": "obstructive_disease",
        "severity": "mild"
    }
}