{
    "datetime": "2020-05-06T15:29:32.257573+00:00",
    "cough_detected": "0.9961",
    "latitude": "37.0",
    "longitude": "-4.6",
    "age": "52",
    "gender": "female",
    "respiratory_condition": "False",
    "fever_muscle_pain": "False",
    "status": "symptomatic",
    "expert_labels_4": {
        "quality": "good",
        "cough_type": "wet",
        "dyspnea": "False",
        "wheezing": "False",
        "stridor": "False",
        "choking": "False",
        "congestion": "False",
        "nothing": "True",
        "diagnosis": "lower_infection",
        "severity": "mild"
    }
}