{
    "datetime": "2020-04-28T18:22:43.498164+00:00",
    "cough_detected": "0.6451",
    "latitude": "45.7",
    "longitude": "4.7",
    "age": "56",
    "gender": "female",
    "respiratory_condition": "True",
    "fever_muscle_pain": "False",
    "status": "symptomatic",
    "expert_labels_3": {
        "quality": "good",
        "cough_type": "dry",
        "dyspnea": "False",
        "wheezing": "False",
        "stridor": "False",
        "choking": "False",
        "congestion": "False",
        "nothing": "True",
        "diagnosis": "healthy_cough",
        "severity": "pseudocough"
    }
}