{
    "datetime": "2020-04-03T20:12:48.412046+00:00",
    "cough_detected": "0.9918",
    "latitude": "40.4",
    "longitude": "-3.7",
    "age": "52",
    "gender": "male",
    "respiratory_condition": "False",
    "fever_muscle_pain": "True",
    "status": "symptomatic",
    "expert_labels_3": {
        "quality": "good",
        "cough_type": "wet",
        "dyspnea": "False",
        "wheezing": "False",
        "stridor": "False",
        "choking": "False",
        "congestion": "False",
        "nothing": "True",
        "diagnosis": "upper_infection",
        "severity": "mild"
    }
}