{
    "datetime": "2020-04-17T13:34:11.811842+00:00",
    "cough_detected": "0.9945",
    "age": "38",
    "gender": "male",
    "respiratory_condition": "False",
    "fever_muscle_pain": "False",
    "status": "symptomatic",
    "expert_labels_2": {
        "quality": "ok",
        "cough_type": "dry",
        "dyspnea": "True",
        "wheezing": "False",
        "stridor": "True",
        "choking": "False",
        "congestion": "False",
        "nothing": "False",
        "diagnosis": "obstructive_disease",
        "severity": "severe"
    }
}