{
    "datetime": "2020-04-13T16:58:20.991374+00:00",
    "cough_detected": "0.9713",
    "latitude": "42.4",
    "longitude": "59.6",
    "age": "17",
    "gender": "female",
    "respiratory_condition": "False",
    "fever_muscle_pain": "True",
    "status": "symptomatic",
    "expert_labels_1": {
        "quality": "ok",
        "cough_type": "unknown",
        "dyspnea": "False",
        "wheezing": "False",
        "stridor": "False",
        "choking": "False",
        "congestion": "False",
        "nothing": "False",
        "diagnosis": "lower_infection",
        "severity": "mild"
    }
}