{
    "datetime": "2020-04-10T10:26:38.673685+00:00",
    "cough_detected": "0.9928",
    "age": "40",
    "gender": "male",
    "respiratory_condition": "False",
    "fever_muscle_pain": "False",
    "status": "symptomatic",
    "expert_labels_2": {
        "quality": "good",
        "cough_type": "wet",
        "dyspnea": "False",
        "wheezing": "False",
        "stridor": "False",
        "choking": "False",
        "congestion": "False",
        "nothing": "True",
        "diagnosis": "lower_infection",
        "severity": "unknown"
    }
}