{
    "datetime": "2020-04-13T16:59:44.903275+00:00",
    "cough_detected": "0.9984",
    "latitude": "-16.7",
    "longitude": "-49.3",
    "age": "55",
    "gender": "female",
    "respiratory_condition": "True",
    "fever_muscle_pain": "False",
    "status": "symptomatic",
    "expert_labels_2": {
        "quality": "good",
        "cough_type": "dry",
        "dyspnea": "False",
        "wheezing": "False",
        "stridor": "False",
        "choking": "False",
        "congestion": "False",
        "nothing": "True",
        "diagnosis": "COVID-19",
        "severity": "mild"
    }
}