{
    "datetime": "2020-04-10T02:40:01.225720+00:00",
    "cough_detected": "0.9641",
    "latitude": "40.3",
    "longitude": "-74.7",
    "age": "39",
    "gender": "male",
    "respiratory_condition": "False",
    "fever_muscle_pain": "False",
    "status": "symptomatic",
    "expert_labels_1": {
        "quality": "ok",
        "cough_type": "unknown",
        "dyspnea": "False",
        "wheezing": "False",
        "stridor": "False",
        "choking": "False",
        "congestion": "False",
        "nothing": "True",
        "diagnosis": "lower_infection",
        "severity": "mild"
    }
}