{
    "datetime": "2020-04-14T22:39:53.533206+00:00",
    "cough_detected": "0.9769",
    "age": "41",
    "gender": "male",
    "respiratory_condition": "False",
    "fever_muscle_pain": "True",
    "status": "symptomatic",
    "expert_labels_3": {
        "quality": "good",
        "cough_type": "dry",
        "dyspnea": "False",
        "wheezing": "False",
        "stridor": "False",
        "choking": "False",
        "congestion": "False",
        "nothing": "True",
        "diagnosis": "obstructive_disease",
        "severity": "mild"
    }
}