{
    "datetime": "2020-04-20T08:50:33.929383+00:00",
    "cough_detected": "0.9425",
    "age": "16",
    "gender": "male",
    "respiratory_condition": "False",
    "fever_muscle_pain": "True",
    "status": "symptomatic",
    "expert_labels_2": {
        "quality": "good",
        "cough_type": "wet",
        "dyspnea": "True",
        "wheezing": "False",
        "stridor": "False",
        "choking": "False",
        "congestion": "False",
        "nothing": "False",
        "diagnosis": "lower_infection",
        "severity": "severe"
    }
}