{
    "datetime": "2020-04-13T14:34:36.916048+00:00",
    "cough_detected": "0.9956",
    "latitude": "-15.8",
    "longitude": "-47.9",
    "age": "42",
    "gender": "female",
    "respiratory_condition": "True",
    "fever_muscle_pain": "False",
    "status": "symptomatic",
    "expert_labels_3": {
        "quality": "good",
        "cough_type": "wet",
        "dyspnea": "False",
        "wheezing": "False",
        "stridor": "False",
        "choking": "False",
        "congestion": "False",
        "nothing": "True",
        "diagnosis": "healthy_cough",
        "severity": "pseudocough"
    }
}