{
    "datetime": "2020-04-17T15:11:07.889939+00:00",
    "cough_detected": "0.4204",
    "latitude": "40.4",
    "longitude": "-3.3",
    "age": "42",
    "gender": "male",
    "respiratory_condition": "False",
    "fever_muscle_pain": "False",
    "status": "symptomatic",
    "expert_labels_2": {
        "quality": "poor",
        "cough_type": "wet",
        "dyspnea": "False",
        "wheezing": "True",
        "stridor": "False",
        "choking": "False",
        "congestion": "False",
        "nothing": "False",
        "diagnosis": "obstructive_disease",
        "severity": "mild"
    }
}