{
    "datetime": "2020-04-20T21:22:22.823525+00:00",
    "cough_detected": "0.9869",
    "latitude": "37.4",
    "longitude": "-6.0",
    "age": "37",
    "gender": "male",
    "respiratory_condition": "False",
    "fever_muscle_pain": "False",
    "status": "symptomatic",
    "expert_labels_3": {
        "quality": "good",
        "cough_type": "dry",
        "dyspnea": "False",
        "wheezing": "False",
        "stridor": "False",
        "choking": "False",
        "congestion": "False",
        "nothing": "True",
        "diagnosis": "lower_infection",
        "severity": "mild"
    }
}