{
    "datetime": "2020-04-14T09:58:24.225022+00:00",
    "cough_detected": "0.9909",
    "latitude": "3.9",
    "longitude": "-77.1",
    "age": "32",
    "gender": "male",
    "respiratory_condition": "True",
    "fever_muscle_pain": "True",
    "status": "symptomatic",
    "expert_labels_1": {
        "quality": "ok",
        "cough_type": "dry",
        "dyspnea": "False",
        "wheezing": "False",
        "stridor": "False",
        "choking": "False",
        "congestion": "False",
        "nothing": "True",
        "diagnosis": "lower_infection",
        "severity": "mild"
    }
}