{
    "datetime": "2020-04-10T15:02:34.388485+00:00",
    "cough_detected": "0.8936",
    "latitude": "-33.0",
    "longitude": "-71.2",
    "age": "60",
    "gender": "female",
    "respiratory_condition": "False",
    "fever_muscle_pain": "False",
    "status": "symptomatic",
    "expert_labels_2": {
        "quality": "no_cough",
        "dyspnea": "False",
        "wheezing": "False",
        "stridor": "False",
        "choking": "False",
        "congestion": "False",
        "nothing": "False"
    }
}