{
    "datetime": "2020-04-15T17:58:24.841389+00:00",
    "cough_detected": "0.9958",
    "latitude": "42.9",
    "longitude": "-78.9",
    "age": "33",
    "gender": "female",
    "respiratory_condition": "False",
    "fever_muscle_pain": "False",
    "status": "symptomatic",
    "expert_labels_4": {
        "quality": "good",
        "cough_type": "dry",
        "dyspnea": "False",
        "wheezing": "False",
        "stridor": "False",
        "choking": "False",
        "congestion": "False",
        "nothing": "True",
        "diagnosis": "upper_infection",
        "severity": "mild"
    }
}