{
    "datetime": "2020-04-09T22:36:09.073973+00:00",
    "cough_detected": "0.1733",
    "latitude": "-0.3",
    "longitude": "-78.4",
    "age": "23",
    "gender": "male",
    "respiratory_condition": "False",
    "fever_muscle_pain": "True",
    "status": "symptomatic",
    "expert_labels_3": {
        "quality": "good",
        "cough_type": "dry",
        "dyspnea": "False",
        "wheezing": "False",
        "stridor": "False",
        "choking": "False",
        "congestion": "False",
        "nothing": "True",
        "diagnosis": "upper_infection",
        "severity": "mild"
    }
}