{
    "datetime": "2020-04-04T01:10:24.129692+00:00",
    "cough_detected": "0.9914",
    "latitude": "37.9",
    "longitude": "-1.2",
    "age": "44",
    "gender": "male",
    "respiratory_condition": "False",
    "fever_muscle_pain": "False",
    "status": "symptomatic",
    "expert_labels_2": {
        "quality": "ok",
        "cough_type": "wet",
        "dyspnea": "False",
        "wheezing": "False",
        "stridor": "False",
        "choking": "False",
        "congestion": "True",
        "nothing": "False",
        "diagnosis": "lower_infection",
        "severity": "mild"
    }
}