{
    "datetime": "2020-04-12T00:31:02.410850+00:00",
    "cough_detected": "0.9945",
    "latitude": "45.5",
    "longitude": "-73.6",
    "age": "25",
    "gender": "female",
    "respiratory_condition": "False",
    "fever_muscle_pain": "False",
    "status": "symptomatic",
    "expert_labels_1": {
        "quality": "ok",
        "cough_type": "dry",
        "dyspnea": "False",
        "wheezing": "False",
        "stridor": "False",
        "choking": "False",
        "congestion": "False",
        "nothing": "True",
        "diagnosis": "lower_infection",
        "severity": "mild"
    }
}