{
    "datetime": "2020-04-13T15:14:40.220385+00:00",
    "cough_detected": "0.5690",
    "latitude": "41.0",
    "longitude": "71.8",
    "age": "23",
    "gender": "other",
    "respiratory_condition": "True",
    "fever_muscle_pain": "False",
    "status": "symptomatic",
    "expert_labels_1": {
        "quality": "poor",
        "cough_type": "unknown",
        "dyspnea": "False",
        "wheezing": "False",
        "stridor": "False",
        "choking": "False",
        "congestion": "False",
        "nothing": "True",
        "diagnosis": "healthy_cough",
        "severity": "pseudocough"
    }
}