{
    "datetime": "2020-11-09T14:33:43.993835+00:00",
    "cough_detected": "0.9744",
    "latitude": "50.0",
    "longitude": "15.2",
    "age": "34",
    "gender": "male",
    "respiratory_condition": "False",
    "fever_muscle_pain": "False",
    "status": "symptomatic",
    "expert_labels_4": {
        "quality": "good",
        "cough_type": "dry",
        "dyspnea": "False",
        "wheezing": "False",
        "stridor": "True",
        "choking": "False",
        "congestion": "False",
        "nothing": "False",
        "diagnosis": "obstructive_disease"
    }
}