{
    "datetime": "2020-04-21T09:46:06.171473+00:00",
    "cough_detected": "0.9290",
    "latitude": "42.1",
    "longitude": "2.8",
    "age": "39",
    "gender": "female",
    "respiratory_condition": "False",
    "fever_muscle_pain": "False",
    "status": "symptomatic",
    "expert_labels_3": {
        "quality": "good",
        "cough_type": "wet",
        "dyspnea": "False",
        "wheezing": "False",
        "stridor": "False",
        "choking": "False",
        "congestion": "False",
        "nothing": "True",
        "diagnosis": "lower_infection",
        "severity": "severe"
    }
}