{
    "datetime": "2020-04-25T12:08:21.515313+00:00",
    "cough_detected": "0.9958",
    "latitude": "41.0",
    "longitude": "-72.4",
    "age": "70",
    "gender": "male",
    "respiratory_condition": "False",
    "fever_muscle_pain": "True",
    "status": "symptomatic",
    "expert_labels_3": {
        "quality": "good",
        "cough_type": "wet",
        "dyspnea": "False",
        "wheezing": "False",
        "stridor": "False",
        "choking": "False",
        "congestion": "False",
        "nothing": "True",
        "diagnosis": "lower_infection",
        "severity": "severe"
    }
}