{
    "datetime": "2020-04-20T19:18:01.988191+00:00",
    "cough_detected": "0.9952",
    "latitude": "36.8",
    "longitude": "-2.5",
    "age": "45",
    "gender": "male",
    "respiratory_condition": "False",
    "fever_muscle_pain": "False",
    "status": "symptomatic",
    "expert_labels_1": {
        "quality": "ok",
        "cough_type": "dry",
        "dyspnea": "False",
        "wheezing": "False",
        "stridor": "False",
        "choking": "False",
        "congestion": "False",
        "nothing": "True",
        "diagnosis": "lower_infection",
        "severity": "mild"
    }
}