{
    "datetime": "2020-05-06T11:41:27.089459+00:00",
    "cough_detected": "0.9973",
    "latitude": "40.8",
    "longitude": "72.3",
    "age": "20",
    "gender": "male",
    "respiratory_condition": "False",
    "fever_muscle_pain": "False",
    "status": "symptomatic",
    "expert_labels_3": {
        "quality": "good",
        "cough_type": "dry",
        "dyspnea": "False",
        "wheezing": "False",
        "stridor": "False",
        "choking": "False",
        "congestion": "False",
        "nothing": "True",
        "diagnosis": "upper_infection",
        "severity": "mild"
    }
}