{
    "datetime": "2020-05-15T10:53:40.220245+00:00",
    "cough_detected": "0.9093",
    "age": "41",
    "gender": "male",
    "respiratory_condition": "False",
    "fever_muscle_pain": "True",
    "status": "symptomatic",
    "expert_labels_2": {
        "quality": "poor",
        "cough_type": "unknown",
        "dyspnea": "False",
        "wheezing": "False",
        "stridor": "False",
        "choking": "False",
        "congestion": "False",
        "nothing": "True",
        "diagnosis": "COVID-19",
        "severity": "mild"
    }
}