{
    "datetime": "2020-04-11T21:22:32.409804+00:00",
    "cough_detected": "0.4940",
    "latitude": "39.5",
    "longitude": "-0.4",
    "age": "35",
    "gender": "female",
    "respiratory_condition": "True",
    "fever_muscle_pain": "True",
    "status": "symptomatic",
    "expert_labels_3": {
        "quality": "good",
        "cough_type": "dry",
        "dyspnea": "False",
        "wheezing": "False",
        "stridor": "False",
        "choking": "False",
        "congestion": "False",
        "nothing": "True",
        "diagnosis": "upper_infection",
        "severity": "mild"
    }
}