{
    "datetime": "2020-04-20T09:08:00.495763+00:00",
    "cough_detected": "0.9752",
    "latitude": "46.6",
    "longitude": "6.2",
    "age": "36",
    "gender": "male",
    "respiratory_condition": "False",
    "fever_muscle_pain": "True",
    "status": "symptomatic",
    "expert_labels_2": {
        "quality": "good",
        "cough_type": "dry",
        "dyspnea": "True",
        "wheezing": "True",
        "stridor": "False",
        "choking": "False",
        "congestion": "False",
        "nothing": "False",
        "diagnosis": "obstructive_disease",
        "severity": "mild"
    }
}