{
    "datetime": "2020-04-15T17:50:25.331494+00:00",
    "cough_detected": "0.9260",
    "latitude": "28.5",
    "longitude": "-81.3",
    "age": "29",
    "gender": "male",
    "respiratory_condition": "True",
    "fever_muscle_pain": "True",
    "status": "symptomatic",
    "expert_labels_2": {
        "quality": "good",
        "cough_type": "dry",
        "dyspnea": "False",
        "wheezing": "False",
        "stridor": "False",
        "choking": "False",
        "congestion": "False",
        "nothing": "True",
        "diagnosis": "upper_infection",
        "severity": "mild"
    }
}