{
    "datetime": "2020-04-21T05:37:32.876479+00:00",
    "cough_detected": "0.9612",
    "latitude": "47.2",
    "longitude": "7.3",
    "gender": "female",
    "respiratory_condition": "True",
    "fever_muscle_pain": "False",
    "status": "symptomatic",
    "expert_labels_3": {
        "quality": "good",
        "cough_type": "wet",
        "dyspnea": "False",
        "wheezing": "False",
        "stridor": "False",
        "choking": "False",
        "congestion": "False",
        "nothing": "True",
        "diagnosis": "lower_infection",
        "severity": "mild"
    }
}