{
    "datetime": "2020-04-14T09:18:03.547292+00:00",
    "cough_detected": "0.9968",
    "latitude": "-33.5",
    "longitude": "-70.7",
    "age": "24",
    "gender": "male",
    "respiratory_condition": "False",
    "fever_muscle_pain": "False",
    "status": "symptomatic",
    "expert_labels_1": {
        "quality": "ok",
        "cough_type": "wet",
        "dyspnea": "False",
        "wheezing": "False",
        "stridor": "False",
        "choking": "False",
        "congestion": "False",
        "nothing": "True",
        "diagnosis": "lower_infection",
        "severity": "mild"
    }
}