{
    "datetime": "2020-04-26T11:40:51.283532+00:00",
    "cough_detected": "0.9947",
    "latitude": "37.2",
    "longitude": "-1.9",
    "age": "39",
    "gender": "female",
    "respiratory_condition": "False",
    "fever_muscle_pain": "False",
    "status": "symptomatic",
    "expert_labels_2": {
        "quality": "good",
        "cough_type": "dry",
        "dyspnea": "False",
        "wheezing": "False",
        "stridor": "False",
        "choking": "False",
        "congestion": "True",
        "nothing": "False",
        "diagnosis": "COVID-19",
        "severity": "mild"
    }
}