{
    "datetime": "2020-04-12T06:33:24.678497+00:00",
    "cough_detected": "0.9967",
    "latitude": "53.9",
    "longitude": "27.6",
    "age": "35",
    "gender": "female",
    "respiratory_condition": "True",
    "fever_muscle_pain": "False",
    "status": "symptomatic",
    "expert_labels_4": {
        "quality": "good",
        "cough_type": "dry",
        "dyspnea": "False",
        "wheezing": "False",
        "stridor": "False",
        "choking": "False",
        "congestion": "False",
        "nothing": "True",
        "diagnosis": "lower_infection",
        "severity": "mild"
    }
}