{
    "datetime": "2020-11-14T22:24:49.103593+00:00",
    "cough_detected": "0.9940",
    "latitude": "46.9",
    "longitude": "8.3",
    "age": "52",
    "gender": "male",
    "respiratory_condition": "True",
    "fever_muscle_pain": "True",
    "status": "symptomatic",
    "expert_labels_4": {
        "quality": "good",
        "cough_type": "dry",
        "dyspnea": "False",
        "wheezing": "False",
        "stridor": "False",
        "choking": "False",
        "congestion": "True",
        "nothing": "False",
        "diagnosis": "upper_infection",
        "severity": "mild"
    }
}