{
    "datetime": "2020-06-08T17:31:20.355149+00:00",
    "cough_detected": "0.8456",
    "age": "40",
    "gender": "male",
    "respiratory_condition": "False",
    "fever_muscle_pain": "False",
    "status": "symptomatic",
    "expert_labels_4": {
        "quality": "good",
        "cough_type": "dry",
        "dyspnea": "False",
        "wheezing": "False",
        "stridor": "False",
        "choking": "False",
        "congestion": "False",
        "nothing": "True",
        "diagnosis": "lower_infection",
        "severity": "mild"
    }
}