{
    "datetime": "2020-04-19T01:33:02.232027+00:00",
    "cough_detected": "0.9037",
    "latitude": "32.9",
    "longitude": "-96.6",
    "age": "45",
    "gender": "female",
    "respiratory_condition": "True",
    "fever_muscle_pain": "False",
    "status": "symptomatic",
    "expert_labels_2": {
        "quality": "ok",
        "cough_type": "dry",
        "dyspnea": "False",
        "wheezing": "True",
        "stridor": "False",
        "choking": "False",
        "congestion": "False",
        "nothing": "True",
        "diagnosis": "lower_infection",
        "severity": "mild"
    }
}