{
    "datetime": "2020-04-15T13:35:46.189342+00:00",
    "cough_detected": "0.9199",
    "latitude": "21.2",
    "longitude": "81.7",
    "age": "26",
    "gender": "male",
    "respiratory_condition": "False",
    "fever_muscle_pain": "False",
    "status": "healthy",
    "expert_labels_3": {
        "quality": "good",
        "cough_type": "unknown",
        "dyspnea": "False",
        "wheezing": "False",
        "stridor": "False",
        "choking": "False",
        "congestion": "False",
        "nothing": "True",
        "diagnosis": "upper_infection",
        "severity": "mild"
    }
}