{
    "datetime": "2020-04-11T16:58:29.950572+00:00",
    "cough_detected": "0.9961",
    "age": "29",
    "gender": "female",
    "respiratory_condition": "False",
    "fever_muscle_pain": "False",
    "status": "healthy",
    "expert_labels_2": {
        "quality": "ok",
        "cough_type": "dry",
        "dyspnea": "False",
        "wheezing": "False",
        "stridor": "False",
        "choking": "False",
        "congestion": "True",
        "nothing": "False",
        "diagnosis": "upper_infection",
        "severity": "pseudocough"
    }
}