{
    "datetime": "2020-04-18T14:24:35.081665+00:00",
    "cough_detected": "0.9602",
    "latitude": "53.6",
    "longitude": "27.6",
    "age": "42",
    "gender": "female",
    "respiratory_condition": "False",
    "fever_muscle_pain": "False",
    "status": "healthy",
    "expert_labels_2": {
        "quality": "good",
        "cough_type": "dry",
        "dyspnea": "False",
        "wheezing": "False",
        "stridor": "False",
        "choking": "False",
        "congestion": "False",
        "nothing": "True",
        "diagnosis": "upper_infection",
        "severity": "unknown"
    }
}