{
    "datetime": "2020-05-16T07:53:38.603705+00:00",
    "cough_detected": "0.9609",
    "latitude": "40.6",
    "longitude": "-3.6",
    "age": "35",
    "gender": "female",
    "respiratory_condition": "False",
    "fever_muscle_pain": "False",
    "status": "healthy",
    "expert_labels_2": {
        "quality": "ok",
        "cough_type": "dry",
        "dyspnea": "False",
        "wheezing": "False",
        "stridor": "False",
        "choking": "False",
        "congestion": "False",
        "nothing": "True",
        "diagnosis": "COVID-19",
        "severity": "unknown"
    }
}