{
    "datetime": "2020-04-13T15:34:47.621956+00:00",
    "cough_detected": "0.9546",
    "age": "21",
    "gender": "male",
    "respiratory_condition": "False",
    "fever_muscle_pain": "False",
    "status": "healthy",
    "expert_labels_1": {
        "quality": "ok",
        "cough_type": "dry",
        "dyspnea": "False",
        "wheezing": "True",
        "stridor": "False",
        "choking": "False",
        "congestion": "False",
        "nothing": "False",
        "diagnosis": "COVID-19",
        "severity": "mild"
    }
}