{
    "datetime": "2020-04-13T15:19:18.769726+00:00",
    "cough_detected": "0.4971",
    "latitude": "40.9",
    "longitude": "69.9",
    "age": "22",
    "gender": "female",
    "respiratory_condition": "True",
    "fever_muscle_pain": "True",
    "status": "COVID-19",
    "expert_labels_1": {
        "quality": "ok",
        "cough_type": "unknown",
        "dyspnea": "False",
        "wheezing": "False",
        "stridor": "False",
        "choking": "False",
        "congestion": "False",
        "nothing": "True",
        "diagnosis": "healthy_cough",
        "severity": "pseudocough"
    }
}