{
    "datetime": "2020-05-11T15:36:46.546828+00:00",
    "cough_detected": "0.8290",
    "latitude": "41.3",
    "longitude": "2.1",
    "age": "43",
    "gender": "female",
    "respiratory_condition": "False",
    "fever_muscle_pain": "False",
    "status": "healthy",
    "expert_labels_4": {
        "quality": "ok",
        "cough_type": "wet",
        "dyspnea": "False",
        "wheezing": "False",
        "stridor": "False",
        "choking": "False",
        "congestion": "False",
        "nothing": "True",
        "diagnosis": "lower_infection",
        "severity": "mild"
    }
}