{
    "datetime": "2020-04-15T18:40:22.610283+00:00",
    "cough_detected": "0.9734",
    "latitude": "-15.7",
    "longitude": "-47.9",
    "age": "32",
    "gender": "female",
    "respiratory_condition": "False",
    "fever_muscle_pain": "False",
    "status": "healthy",
    "expert_labels_3": {
        "quality": "good",
        "cough_type": "wet",
        "dyspnea": "False",
        "wheezing": "False",
        "stridor": "False",
        "choking": "False",
        "congestion": "False",
        "nothing": "True",
        "diagnosis": "lower_infection",
        "severity": "mild"
    }
}