{
    "datetime": "2020-10-27T18:03:03.470837+00:00",
    "cough_detected": "0.8168",
    "latitude": "46.8",
    "longitude": "7.0",
    "age": "49",
    "gender": "male",
    "respiratory_condition": "False",
    "fever_muscle_pain": "False",
    "status": "healthy",
    "expert_labels_4": {
        "quality": "good",
        "cough_type": "dry",
        "dyspnea": "False",
        "wheezing": "False",
        "stridor": "False",
        "choking": "False",
        "congestion": "False",
        "nothing": "True",
        "diagnosis": "upper_infection",
        "severity": "mild"
    }
}