{
    "datetime": "2020-04-14T03:48:55.983895+00:00",
    "cough_detected": "0.9578",
    "age": "36",
    "gender": "male",
    "respiratory_condition": "False",
    "fever_muscle_pain": "False",
    "status": "healthy",
    "expert_labels_2": {
        "quality": "good",
        "cough_type": "dry",
        "dyspnea": "True",
        "wheezing": "False",
        "stridor": "False",
        "choking": "False",
        "congestion": "False",
        "nothing": "False",
        "diagnosis": "obstructive_disease",
        "severity": "mild"
    }
}